{"gini.json": 0.14203097694349687, "alt_voices.json": 0.44853356337985034, "representation.json": 0.34411619444735486, "cal_category.json": 0.4609781213696877, "activation.json": 0.4096090931476581, "fragmentation.json": 0.15046732116625572, "ild.json": 0.22381319252625365, "eild.json": 0.25577042328536215, "ndcg_score.json": 0.37966341765044687, "calibration_complexity.json": 0.04971882483196993}