{"ENMF": {"metric_avg_results": {"MAE": 0.3943390095206171, "MSE": 0.33249464806687484, "RMSE": 0.5252978142713612, "AUC": 0.8248933456853453, "F1@10": 0.018778516124611275, "F1@100": 0.02018687595673198, "MAP": 0.020466916540553087, "MRR": 0.05750429495565605, "NCRR@10": 0.018900454874573994, "NCRR@100": 0.029242777239904632, "NDCG@10": 0.02467622209839044, "NDCG@100": 0.07635248128202987, "Precision@10": 0.01626923727380333, "Precision@100": 0.011144934889226679, "Recall@10": 0.03715268163726692, "Recall@100": 0.21052802208573484, "Activation@10": 0.2932895612371331, "Activation@100": 0.09110876897714135, "AltVoices_mainstream@10": 0.11495948583342944, "AltVoices_mainstream@100": 0.10133573058439821, "Calibration_category@10": 0.4684412548779482, "Calibration_category@100": 0.4128547486148047, "Calibration_complexity@10": 0.30693704856597664, "Calibration_complexity@100": 0.23951306850781348, "EILD@10": 0.7352706336328292, "EILD@100": 0.6472978320668681, "Fragmentation@10": 0.8430485341772748, "Fragmentation@100": 0.6156250793774792, "GiniCoeff@10": 0.8353423248209897, "GiniCoeff@100": 0.6934596087716386, "ILD@10": 0.766273935020757, "ILD@100": 0.8070787473358182, "NDCG_score@10": 0.06479647094140269, "NDCG_score@100": 0.1550846178359443, "Representation@10": 0.5932139633073171, "Representation@100": 0.4574415046014647, "Train (s)": 4942.40335059166, "Test (s)": 24515.02724337578}, "user_info": {"Activation@10": 17739, "Activation@100": 17739, "AltVoices_mainstream@10": 17739, "AltVoices_mainstream@100": 17739, "Calibration_category@10": 17670, "Calibration_category@100": 17670, "Calibration_complexity@10": 17634, "Calibration_complexity@100": 17634, "EILD@10": 17739, "EILD@100": 17739, "Fragmentation@10": 17739, "Fragmentation@100": 17739, "GiniCoeff@10": 17739, "GiniCoeff@100": 17739, "ILD@10": 17739, "ILD@100": 17739, "NDCG_score@10": 17739, "NDCG_score@100": 17739, "Representation@10": 16606, "Representation@100": 17739, "total_user_number": 19663}, "model_parameter": {"batch_size": 256, "dropout_p": 0.7, "embedding_size": 64, "lr": 0.05, "neg_weight": 0.1, "num_epochs": 160}, "Re-Rank": {"F1@10": 0.011982763021406478, "NCRR@10": 0.012889531028062876, "NDCG@10": 0.015514556224808003, "Precision@10": 0.010947629516883366, "Recall@10": 0.020107728130823076, "Activation@10": 0.2981757988671803, "AltVoices_mainstream@10": 0.11739382367729174, "Calibration_category@10": 0.5464669377663323, "Calibration_complexity@10": 0.35614611809140817, "EILD@10": 0.7863990546847179, "Fragmentation@10": 0.8517406746676142, "GiniCoeff@10": 0.8101774339026799, "ILD@10": 0.8074136710700075, "NDCG_score@10": 0.045360300462443416, "Representation@10": 0.6088678978238797, "Re-rank Time (s)": 243902.1540722847, "rerank_parameter": {"rerank": 10, "k": 50, "lambda_constant": 0, "diversity_objective": "Activation"}}}}