{"ConvMF": {"metric_avg_results": {"MAE": 0.14942492472336483, "MSE": 0.057835811512489926, "RMSE": 0.20469570477048551, "AUC": 0.7872420542067851, "F1@10": 0.008332376607793616, "F1@100": 0.012144418632735415, "MAP": 0.010463683020468099, "MRR": 0.030109356941589293, "NCRR@10": 0.007832051582217529, "NCRR@100": 0.014152247171835343, "NDCG@10": 0.01011120789880736, "NDCG@100": 0.04225678386128453, "Precision@10": 0.007587800890692667, "Precision@100": 0.006715147415300206, "Recall@10": 0.013754823115935394, "Recall@100": 0.12241893531526027, "Activation@10": 0.3119399507164956, "Activation@100": 0.11166850862891954, "AltVoices_mainstream@10": 0.12078021657777242, "AltVoices_mainstream@100": 0.11485869516209776, "Calibration_category@10": 0.6791082692529786, "Calibration_category@100": 0.5355564875375027, "Calibration_complexity@10": 0.3554076348716799, "Calibration_complexity@100": 0.26148496719630043, "EILD@10": 0.8259562212501561, "EILD@100": 0.755938016215483, "Fragmentation@10": 0.6970807544446286, "Fragmentation@100": 0.382092530263081, "GiniCoeff@10": 0.8011182986639603, "GiniCoeff@100": 0.6686651586898911, "ILD@10": 0.846468860201368, "ILD@100": 0.8410183234908428, "NDCG_score@10": 0.02962818344772792, "NDCG_score@100": 0.0983900916792308, "Representation@10": 0.5691932997584461, "Representation@100": 0.4398143013916644, "Train (s)": 137315.51703596115, "Test (s)": 17546.5255484581}, "user_info": {"Activation@10": 17739, "Activation@100": 17739, "AltVoices_mainstream@10": 17739, "AltVoices_mainstream@100": 17739, "Calibration_category@10": 17670, "Calibration_category@100": 17670, "Calibration_complexity@10": 17634, "Calibration_complexity@100": 17634, "EILD@10": 17739, "EILD@100": 17739, "Fragmentation@10": 17739, "Fragmentation@100": 17739, "GiniCoeff@10": 17739, "GiniCoeff@100": 17739, "ILD@10": 17739, "ILD@100": 17739, "NDCG_score@10": 17739, "NDCG_score@100": 17739, "Representation@10": 17578, "Representation@100": 17739, "total_user_number": 19663}, "model_parameter": {"cnn_epochs": 5, "k": 300, "lambda_u": 0.01, "lambda_v": 1000.0, "n_epochs": 50}, "Re-Rank": {"F1@10": 0.007869829945797619, "NCRR@10": 0.008612996333129166, "NDCG@10": 0.010251346220395892, "Precision@10": 0.007227013924121849, "Recall@10": 0.012922833495338874, "Activation@10": 0.2927371396242769, "AltVoices_mainstream@10": 0.09973695972666302, "Calibration_category@10": 0.6317434963560502, "Calibration_complexity@10": 0.37688635351158944, "EILD@10": 0.8029911102289983, "Fragmentation@10": 0.8562328161974715, "GiniCoeff@10": 0.8083967529172548, "ILD@10": 0.8190503034744449, "NDCG_score@10": 0.03049363083926841, "Representation@10": 0.6736522163229524, "Re-rank Time (s)": 4714.325589179993, "rerank_parameter": {"rerank": 10, "k": 50, "lambda_constant": 0, "diversity_objective": "ILD"}}}}