{"ENMF": {"metric_avg_results": {"MAE": 0.3946679245221174, "MSE": 0.33254803779640235, "RMSE": 0.5254978945568666, "AUC": 0.8238498799710771, "F1@10": 0.018525623388932808, "F1@100": 0.02012722083348041, "MAP": 0.02051245684030444, "MRR": 0.05834802237664533, "NCRR@10": 0.01918342397545068, "NCRR@100": 0.029551643219458724, "NDCG@10": 0.024446230220680966, "NDCG@100": 0.07637710302792194, "Precision@10": 0.016229776199334637, "Precision@100": 0.011108292462934318, "Recall@10": 0.035559256405355275, "Recall@100": 0.21066864700198143, "Activation@10": 0.29384648866345897, "Activation@100": 0.09056922011459857, "AltVoices_mainstream@10": 0.11457470934501365, "AltVoices_mainstream@100": 0.10021580464037579, "Calibration_category@10": 0.4658551174895941, "Calibration_category@100": 0.41152532564139516, "Calibration_complexity@10": 0.30765844021437566, "Calibration_complexity@100": 0.23918219961787984, "EILD@10": 0.7335678146311275, "EILD@100": 0.646945015839672, "Fragmentation@10": 0.8409125072160607, "Fragmentation@100": 0.6166277941739075, "GiniCoeff@10": 0.8372822594283481, "GiniCoeff@100": 0.6944340859123941, "ILD@10": 0.7649234893611606, "ILD@100": 0.8068277225151953, "NDCG_score@10": 0.06513447755571716, "NDCG_score@100": 0.15470898062007116, "Representation@10": 0.5934416539650459, "Representation@100": 0.4584438555001926, "Train (s)": 4140.316622257233, "Test (s)": 7977.366553783417}, "user_info": {"Activation@10": 17739, "Activation@100": 17739, "AltVoices_mainstream@10": 17739, "AltVoices_mainstream@100": 17739, "Calibration_category@10": 17670, "Calibration_category@100": 17670, "Calibration_complexity@10": 17632, "Calibration_complexity@100": 17634, "EILD@10": 17739, "EILD@100": 17739, "Fragmentation@10": 17739, "Fragmentation@100": 17739, "GiniCoeff@10": 17739, "GiniCoeff@100": 17739, "ILD@10": 17739, "ILD@100": 17739, "NDCG_score@10": 17739, "NDCG_score@100": 17739, "Representation@10": 16670, "Representation@100": 17739, "total_user_number": 19663}, "model_parameter": {"batch_size": 256, "dropout_p": 0.7, "embedding_size": 64, "lr": 0.05, "neg_weight": 0.1, "num_epochs": 160}, "Re-Rank": {"F1@10": 0.017332300142820434, "NCRR@10": 0.01835039505133262, "NDCG@10": 0.022950799740480535, "Precision@10": 0.015299622301144027, "Recall@10": 0.032259324188045606, "Activation@10": 0.2958488811531021, "AltVoices_mainstream@10": 0.07952676494875908, "Calibration_category@10": 0.4828586909339683, "Calibration_complexity@10": 0.3181101921273157, "EILD@10": 0.7420056172731989, "Fragmentation@10": 0.8481360568597672, "GiniCoeff@10": 0.8335440272844867, "ILD@10": 0.7741761717746767, "NDCG_score@10": 0.06221360754672407, "Representation@10": 0.9375578484124008, "Re-rank Time (s)": 108591.05976366997, "rerank_parameter": {"rerank": 10, "k": 50, "lambda_constant": 0, "diversity_objective": "Representation"}}}}