{"fragmentation.json": 0.6033603395625053, "eild.json": 0.19109060337138983, "ild.json": 0.15745595079257702, "ndcg.json": 0.30405333452544137, "alt_voices.json": 0.41603405643765545, "ginicoeff.json": 0.1110209143694929, "calibration_category.json": 0.30758098140950274, "calibration_complexity.json": 0.057086742516059885, "representation.json": 0.487520953479619, "activation.json": 0.42170720072668266}