{"ENMF": {"metric_avg_results": {"MAE": 0.3951271726438848, "MSE": 0.33282760412404, "RMSE": 0.5258124013118287, "AUC": 0.8233445360660558, "F1@10": 0.018737817540143333, "F1@100": 0.020039894928197702, "MAP": 0.020529870383575184, "MRR": 0.05740150764392862, "NCRR@10": 0.019111459763600836, "NCRR@100": 0.029300594141034992, "NDCG@10": 0.024797824116104483, "NDCG@100": 0.0761878415657874, "Precision@10": 0.016325610237330052, "Precision@100": 0.011064321551383502, "Recall@10": 0.036887647175891713, "Recall@100": 0.210632615812689, "Activation@10": 0.29348444849041183, "Activation@100": 0.09203993501000839, "AltVoices_mainstream@10": 0.11354313716752644, "AltVoices_mainstream@100": 0.1001659633224583, "Calibration_category@10": 0.4667344938790148, "Calibration_category@100": 0.41249898169562554, "Calibration_complexity@10": 0.3065222031908401, "Calibration_complexity@100": 0.23894365799488046, "EILD@10": 0.730219331446067, "EILD@100": 0.645127856945191, "Fragmentation@10": 0.8419693564251557, "Fragmentation@100": 0.6137944308400491, "GiniCoeff@10": 0.8382420091323937, "GiniCoeff@100": 0.6938108123344059, "ILD@10": 0.762068511941672, "ILD@100": 0.806989256679776, "NDCG_score@10": 0.06532401529923557, "NDCG_score@100": 0.15483047248842308, "Representation@10": 0.5941178844327053, "Representation@100": 0.4592377728140186, "Train (s)": 5236.0913825035095, "Test (s)": 12852.529928445816}, "user_info": {"Activation@10": 17739, "Activation@100": 17739, "AltVoices_mainstream@10": 17739, "AltVoices_mainstream@100": 17739, "Calibration_category@10": 17670, "Calibration_category@100": 17670, "Calibration_complexity@10": 17634, "Calibration_complexity@100": 17634, "EILD@10": 17739, "EILD@100": 17739, "Fragmentation@10": 17739, "Fragmentation@100": 17739, "GiniCoeff@10": 17739, "GiniCoeff@100": 17739, "ILD@10": 17739, "ILD@100": 17739, "NDCG_score@10": 17739, "NDCG_score@100": 17739, "Representation@10": 16711, "Representation@100": 17739, "total_user_number": 19663}, "model_parameter": {"batch_size": 256, "dropout_p": 0.7, "embedding_size": 64, "lr": 0.05, "neg_weight": 0.1, "num_epochs": 160}, "Re-Rank": {"F1@10": 0.015417390638640829, "NCRR@10": 0.017392352147496584, "NDCG@10": 0.02075142038548291, "Precision@10": 0.01385647443486055, "Recall@10": 0.02693660483864714, "Activation@10": 0.7030935416380699, "AltVoices_mainstream@10": 0.1071436116474046, "Calibration_category@10": 0.5238005731838014, "Calibration_complexity@10": 0.36360583557874027, "EILD@10": 0.7388772409697232, "Fragmentation@10": 0.829784322257546, "GiniCoeff@10": 0.8345523986695608, "ILD@10": 0.7680903971788329, "NDCG_score@10": 0.058074196792365744, "Representation@10": 0.6416898859367194, "Re-rank Time (s)": 169432.83152127266, "rerank_parameter": {"rerank": 10, "k": 50, "lambda_constant": 0, "diversity_objective": "Activation"}}}}