{"ConvMF": {"metric_avg_results": {"MAE": 0.3785440474829682, "MSE": 0.19777991385121857, "RMSE": 0.42326150993643935, "AUC": 0.7563991259325954, "F1@10": 0.00029261950209223935, "F1@100": 0.0010916212746702447, "MAP": 0.002402928352394111, "MRR": 0.00376627475377352, "NCRR@10": 0.00029686215473266543, "NCRR@100": 0.0008278182517422392, "NDCG@10": 0.00039040671905568846, "NDCG@100": 0.003393169585642808, "Precision@10": 0.00028750211398613214, "Precision@100": 0.0006093917357235378, "Recall@10": 0.0005603889688066348, "Recall@100": 0.011193229262735228, "Activation@10": 0.2514562001277083, "Activation@100": 0.20951516556055255, "AltVoices_mainstream@10": 0.17691453082352532, "AltVoices_mainstream@100": 0.018937832992272283, "Calibration_category@10": 0.7362156054219665, "Calibration_category@100": 0.5776829511916767, "Calibration_complexity@10": 0.2920631123646282, "Calibration_complexity@100": 0.24622292339020718, "EILD@10": 0.7624369892435087, "EILD@100": 0.8055945674039441, "Fragmentation@10": 0.2617662824404941, "Fragmentation@100": 0.1714242764221673, "GiniCoeff@10": 0.8398704831161492, "GiniCoeff@100": 0.7476973053722814, "ILD@10": 0.7711495699994507, "ILD@100": 0.8075050408249232, "NDCG_score@10": 0.001175121106312164, "NDCG_score@100": 0.010357831242898043, "Representation@10": 0.7795014415923925, "Representation@100": 0.47640650633548487, "Train (s)": 200280.89270997047, "Test (s)": 8281.336739778519}, "user_info": {"Activation@10": 17739, "Activation@100": 17739, "AltVoices_mainstream@10": 17739, "AltVoices_mainstream@100": 17739, "Calibration_category@10": 17670, "Calibration_category@100": 17670, "Calibration_complexity@10": 17634, "Calibration_complexity@100": 17634, "EILD@10": 17739, "EILD@100": 17739, "Fragmentation@10": 17739, "Fragmentation@100": 17739, "GiniCoeff@10": 17739, "GiniCoeff@100": 17739, "ILD@10": 17739, "ILD@100": 17739, "NDCG_score@10": 17739, "NDCG_score@100": 17739, "Representation@10": 1911, "Representation@100": 17739, "total_user_number": 19663}, "model_parameter": {"cnn_epochs": 5, "k": 300, "lambda_u": 10.0, "lambda_v": 1000.0, "n_epochs": 50}, "Re-Rank": {"F1@10": 0.001599622043072419, "NCRR@10": 0.0012136235479733295, "NDCG@10": 0.001786685490621113, "Precision@10": 0.00149388353345736, "Recall@10": 0.00269532286939224, "Activation@10": 0.3191232842500445, "AltVoices_mainstream@10": 0.05695565346254009, "Calibration_category@10": 0.6579731850637885, "Calibration_complexity@10": 0.4198882006625196, "EILD@10": 0.8517693421211213, "Fragmentation@10": 0.876783487458249, "GiniCoeff@10": 0.8070487344270426, "ILD@10": 0.8435562570858872, "NDCG_score@10": 0.0054996145763577505, "Representation@10": 0.5728705381299621, "Re-rank Time (s)": 2508.2317650318146, "rerank_parameter": {"rerank": 10, "k": 50, "lambda_constant": 0, "diversity_objective": "ILD"}}}}