{"ENMF": {"metric_avg_results": {"MAE": 0.3947442556549707, "MSE": 0.33270277141631954, "RMSE": 0.5255042651968923, "AUC": 0.8263719751414524, "F1@10": 0.01866143616541552, "F1@100": 0.020091243743478007, "MAP": 0.020496657164514258, "MRR": 0.0581895486287261, "NCRR@10": 0.019367736675038223, "NCRR@100": 0.029493449794437628, "NDCG@10": 0.024736146510291924, "NDCG@100": 0.07599325252539142, "Precision@10": 0.016398895089914774, "Precision@100": 0.01109814532949952, "Recall@10": 0.03611537739769436, "Recall@100": 0.2091852342721683, "Activation@10": 0.29668942615637495, "Activation@100": 0.09093551648187972, "AltVoices_mainstream@10": 0.1148490882475958, "AltVoices_mainstream@100": 0.10039773602555829, "Calibration_category@10": 0.4654450683384419, "Calibration_category@100": 0.4126471462960461, "Calibration_complexity@10": 0.30638045914305256, "Calibration_complexity@100": 0.23970525866652043, "EILD@10": 0.7306499302123477, "EILD@100": 0.6459593328809013, "Fragmentation@10": 0.842419007117668, "Fragmentation@100": 0.6161596373997684, "GiniCoeff@10": 0.8385908168442152, "GiniCoeff@100": 0.6934312108912569, "ILD@10": 0.7622526636225218, "ILD@100": 0.8070307676801882, "NDCG_score@10": 0.0654759564679323, "NDCG_score@100": 0.15431024173093452, "Representation@10": 0.592164562711988, "Representation@100": 0.45869361796848984, "Train (s)": 5119.795336723328, "Test (s)": 13081.917003393173}, "user_info": {"Activation@10": 17739, "Activation@100": 17739, "AltVoices_mainstream@10": 17739, "AltVoices_mainstream@100": 17739, "Calibration_category@10": 17670, "Calibration_category@100": 17670, "Calibration_complexity@10": 17633, "Calibration_complexity@100": 17634, "EILD@10": 17739, "EILD@100": 17739, "Fragmentation@10": 17739, "Fragmentation@100": 17739, "GiniCoeff@10": 17739, "GiniCoeff@100": 17739, "ILD@10": 17739, "ILD@100": 17739, "NDCG_score@10": 17739, "NDCG_score@100": 17739, "Representation@10": 16494, "Representation@100": 17739, "total_user_number": 19663}, "model_parameter": {"batch_size": 256, "dropout_p": 0.7, "embedding_size": 64, "lr": 0.05, "neg_weight": 0.1, "num_epochs": 160}, "Re-Rank": {"F1@10": 0.015001577050440692, "NCRR@10": 0.017104541009688185, "NDCG@10": 0.020673979838969618, "Precision@10": 0.013168724279834926, "Recall@10": 0.02770214734110736, "Activation@10": 0.29339729798264363, "AltVoices_mainstream@10": 0.5633826516274462, "Calibration_category@10": 0.540330288721488, "Calibration_complexity@10": 0.3543119182151123, "EILD@10": 0.7954977249314293, "Fragmentation@10": 0.8555632064294465, "GiniCoeff@10": 0.803177321156754, "ILD@10": 0.816898109000241, "NDCG_score@10": 0.05528281804272503, "Representation@10": 0.541468209423844, "Re-rank Time (s)": 279542.99465990067, "rerank_parameter": {"rerank": 10, "k": 50, "lambda_constant": 0, "diversity_objective": "AltVoices_mainstream"}}}}