{"ConvMF": {"metric_avg_results": {"MAE": 0.12144364289016162, "MSE": 0.05396197988060609, "RMSE": 0.18464017688062662, "AUC": 0.8122714082938844, "F1@10": 0.017359030093763644, "F1@100": 0.015261823575693658, "MAP": 0.019800106957974482, "MRR": 0.062340188198888334, "NCRR@10": 0.022928456968227606, "NCRR@100": 0.030489622941617826, "NDCG@10": 0.02588477897203886, "NDCG@100": 0.06371488155274622, "Precision@10": 0.015186876374090628, "Precision@100": 0.008420429561982162, "Recall@10": 0.03201913351278446, "Recall@100": 0.16047674148949279, "Activation@10": 0.3224140010209129, "Activation@100": 0.10935596467214628, "AltVoices_mainstream@10": 0.150105362040127, "AltVoices_mainstream@100": 0.1355815791454199, "Calibration_category@10": 0.6530166008027909, "Calibration_category@100": 0.537657948487075, "Calibration_complexity@10": 0.34308495573743547, "Calibration_complexity@100": 0.2649282432259125, "EILD@10": 0.803490333072985, "EILD@100": 0.7261946767718268, "Fragmentation@10": 0.38356597357254935, "Fragmentation@100": 0.17913632393798148, "GiniCoeff@10": 0.8210003382376068, "GiniCoeff@100": 0.6955261711483126, "ILD@10": 0.8375168335933929, "ILD@100": 0.8276116483625228, "NDCG_score@10": 0.06920030395968774, "NDCG_score@100": 0.13810785127069933, "Representation@10": 0.4937928986318313, "Representation@100": 0.4202774396381938, "Train (s)": 5669.340561628342, "Test (s)": 6262.041881561279}, "user_info": {"Activation@10": 17739, "Activation@100": 17739, "AltVoices_mainstream@10": 17739, "AltVoices_mainstream@100": 17739, "Calibration_category@10": 17670, "Calibration_category@100": 17670, "Calibration_complexity@10": 17634, "Calibration_complexity@100": 17634, "EILD@10": 17739, "EILD@100": 17739, "Fragmentation@10": 17739, "Fragmentation@100": 17739, "GiniCoeff@10": 17739, "GiniCoeff@100": 17739, "ILD@10": 17739, "ILD@100": 17739, "NDCG_score@10": 17739, "NDCG_score@100": 17739, "Representation@10": 17648, "Representation@100": 17739, "total_user_number": 19663}, "model_parameter": {"cnn_epochs": 5, "k": 300, "lambda_u": 1000.0, "lambda_v": 0.01, "n_epochs": 50}, "Re-Rank": {"F1@10": 0.016828062837891622, "NCRR@10": 0.019723497102654808, "NDCG@10": 0.023409733960449947, "Precision@10": 0.01479226562940368, "Recall@10": 0.030302093903816187, "Activation@10": 0.31316941856359204, "AltVoices_mainstream@10": 0.16267460573849768, "Calibration_category@10": 0.650846051854744, "Calibration_complexity@10": 0.33880349560770084, "EILD@10": 0.810987635388135, "Fragmentation@10": 0.22302160663480333, "GiniCoeff@10": 0.8189730255369153, "ILD@10": 0.842812133967381, "NDCG_score@10": 0.06369713474019524, "Representation@10": 0.5024864389593465, "Re-rank Time (s)": 2352.1362273693085, "rerank_parameter": {"rerank": 10, "k": 50, "lambda_constant": 0.8, "diversity_objective": "Fragmentation"}}}}