{"ConvMF": {"metric_avg_results": {"MAE": 0.41139865227032224, "MSE": 0.38246681727734, "RMSE": 0.5574947268995343, "AUC": 0.5608020189621737, "F1@10": 8.433307707923969e-05, "F1@100": 0.00024750245890807883, "MAP": 0.0004921384802941249, "MRR": 0.001036445207084294, "NCRR@10": 5.681012845682051e-05, "NCRR@100": 0.00017221218701195902, "NDCG@10": 9.044441647459075e-05, "NDCG@100": 0.0007312041527339359, "Precision@10": 7.328485258470037e-05, "Precision@100": 0.00013980494954619717, "Recall@10": 0.00015949969442274537, "Recall@100": 0.0023791376748573, "Activation@10": 0.30851333014810856, "Activation@100": 0.23606794538448217, "AltVoices_mainstream@10": 0.15124990490880227, "AltVoices_mainstream@100": 0.01730097831251772, "Calibration_category@10": 0.6642136685725958, "Calibration_category@100": 0.5568027126719306, "Calibration_complexity@10": 0.3522141590898537, "Calibration_complexity@100": 0.26031287878816867, "EILD@10": 0.8776600121852138, "EILD@100": 0.8355935578216575, "Fragmentation@10": 0.28731789362125726, "Fragmentation@100": 0.20786110081929357, "GiniCoeff@10": 0.7927532555384313, "GiniCoeff@100": 0.7497528045549511, "ILD@10": 0.8531546936757115, "ILD@100": 0.7497607907248004, "NDCG_score@10": 0.00026525786845793195, "NDCG_score@100": 0.0025682401238149343, "Representation@10": 0.5795171341567569, "Representation@100": 0.4353490020632009, "Train (s)": 49262.67318892479, "Test (s)": 11648.012508869171}, "user_info": {"Activation@10": 17739, "Activation@100": 17739, "AltVoices_mainstream@10": 17739, "AltVoices_mainstream@100": 17739, "Calibration_category@10": 17670, "Calibration_category@100": 17670, "Calibration_complexity@10": 17634, "Calibration_complexity@100": 17634, "EILD@10": 17739, "EILD@100": 17739, "Fragmentation@10": 17739, "Fragmentation@100": 17739, "GiniCoeff@10": 17739, "GiniCoeff@100": 17739, "ILD@10": 17739, "ILD@100": 17739, "NDCG_score@10": 17739, "NDCG_score@100": 17739, "Representation@10": 17668, "Representation@100": 17739, "total_user_number": 19663}, "model_parameter": {"cnn_epochs": 5, "k": 300, "lambda_u": 1000.0, "lambda_v": 1000.0, "n_epochs": 50}, "Re-Rank": {"F1@10": 8.489956853391367e-05, "NCRR@10": 7.773699410029429e-05, "NDCG@10": 0.00010093622925481972, "Precision@10": 9.019674164270817e-05, "Recall@10": 0.00013351154204444457, "Activation@10": 0.35088890524995997, "AltVoices_mainstream@10": 0.07016060132119036, "Calibration_category@10": 0.6627543248481118, "Calibration_complexity@10": 0.35321891683763207, "EILD@10": 0.7069124071559049, "Fragmentation@10": 0.7414824487590207, "GiniCoeff@10": 0.8798297536501031, "ILD@10": 0.6914394523053035, "NDCG_score@10": 0.0003618467281631486, "Representation@10": 0.7918932082126571, "Re-rank Time (s)": 3034.2263519763947, "rerank_parameter": {"rerank": 10, "k": 50, "lambda_constant": 0, "diversity_objective": "ILD"}}}}