{"ConvMF": {"metric_avg_results": {"MAE": 0.3130674863276505, "MSE": 0.20547149596081388, "RMSE": 0.4091965482538397, "AUC": 0.7835886294402425, "F1@10": 0.003984820459735495, "F1@100": 0.005610346719175165, "MAP": 0.00473033263270096, "MRR": 0.014578070136407413, "NCRR@10": 0.002680126575853576, "NCRR@100": 0.005538156797936261, "NDCG@10": 0.004130770809823639, "NDCG@100": 0.01830178348491103, "Precision@10": 0.0036698799255877215, "Precision@100": 0.0031224984497434374, "Recall@10": 0.006794966180862046, "Recall@100": 0.05390317555780052, "Activation@10": 0.2639418141748312, "Activation@100": 0.18295345147338804, "AltVoices_mainstream@10": 0.11931513904898162, "AltVoices_mainstream@100": 0.03643710640806926, "Calibration_category@10": 0.6198707843237159, "Calibration_category@100": 0.5493566598682444, "Calibration_complexity@10": 0.3217554227356508, "Calibration_complexity@100": 0.2538169278055231, "EILD@10": 0.8343598656187455, "EILD@100": 0.8122529516008438, "Fragmentation@10": 0.010392940432405035, "Fragmentation@100": 0.012919965483689452, "GiniCoeff@10": 0.8369806640732672, "GiniCoeff@100": 0.6147239134109989, "ILD@10": 0.8227396007544233, "ILD@100": 0.8813555021439639, "NDCG_score@10": 0.012940649427943502, "NDCG_score@100": 0.053609551801073886, "Representation@10": 0.5756943939885961, "Representation@100": 0.44961856553792884, "Train (s)": 34981.69342017174, "Test (s)": 6427.774427652359}, "user_info": {"Activation@10": 17739, "Activation@100": 17739, "AltVoices_mainstream@10": 17739, "AltVoices_mainstream@100": 17739, "Calibration_category@10": 17670, "Calibration_category@100": 17670, "Calibration_complexity@10": 17634, "Calibration_complexity@100": 17634, "EILD@10": 17739, "EILD@100": 17739, "Fragmentation@10": 17739, "Fragmentation@100": 17739, "GiniCoeff@10": 17739, "GiniCoeff@100": 17739, "ILD@10": 17739, "ILD@100": 17739, "NDCG_score@10": 17739, "NDCG_score@100": 17739, "Representation@10": 17670, "Representation@100": 17739, "total_user_number": 19663}, "model_parameter": {"cnn_epochs": 5, "k": 300, "lambda_u": 1000.0, "lambda_v": 10.0, "n_epochs": 50}, "Re-Rank": {"F1@10": 0.0018822653714606668, "NCRR@10": 0.0017953613736398418, "NDCG@10": 0.0023016439915679696, "Precision@10": 0.0018603077963808665, "Recall@10": 0.0029507015719619062, "Activation@10": 0.3025255660065752, "AltVoices_mainstream@10": 0.03853496366768922, "Calibration_category@10": 0.6506428093301104, "Calibration_complexity@10": 0.37977658662874236, "EILD@10": 0.8115326550862622, "Fragmentation@10": 0.922483102121634, "GiniCoeff@10": 0.8251493883535839, "ILD@10": 0.8423874576422639, "NDCG_score@10": 0.0075766171701707385, "Representation@10": 0.6488532691846917, "Re-rank Time (s)": 1979.6993441581726, "rerank_parameter": {"rerank": 10, "k": 50, "lambda_constant": 0, "diversity_objective": "ILD"}}}}