{"ENMF": {"metric_avg_results": {"MAE": 0.40619001106550384, "MSE": 0.3850421359908919, "RMSE": 0.5599085303175648, "AUC": 0.7935213613236166, "F1@10": 0.014330820790318628, "F1@100": 0.01889387071956184, "MAP": 0.01739535699489534, "MRR": 0.03933898030996131, "NCRR@10": 0.011446073494538503, "NCRR@100": 0.022183893861158946, "NDCG@10": 0.01731042431011317, "NDCG@100": 0.0679849887718986, "Precision@10": 0.011516996448502915, "Precision@100": 0.010451547437848402, "Recall@10": 0.029527006431786174, "Recall@100": 0.19513876022619717, "Activation@10": 0.29133719687611537, "Activation@100": 0.08546087674317318, "AltVoices_mainstream@10": 0.11479757645415378, "AltVoices_mainstream@100": 0.09627794405149437, "Calibration_category@10": 0.496855083403646, "Calibration_category@100": 0.4412455999695274, "Calibration_complexity@10": 0.3199175328765955, "Calibration_complexity@100": 0.2466937987233177, "EILD@10": 0.7510896505414741, "EILD@100": 0.6587140133410821, "Fragmentation@10": 0.830519382131629, "Fragmentation@100": 0.5740144004017645, "GiniCoeff@10": 0.8332241107164767, "GiniCoeff@100": 0.6935273267940713, "ILD@10": 0.7743565652579578, "ILD@100": 0.811486441163425, "NDCG_score@10": 0.04152600066095883, "NDCG_score@100": 0.13949865275284568, "Representation@10": 0.6021448371467455, "Representation@100": 0.46033243927551426, "Train (s)": 3305.164685487747, "Test (s)": 10095.718734264374}, "user_info": {"Activation@10": 17739, "Activation@100": 17739, "AltVoices_mainstream@10": 17739, "AltVoices_mainstream@100": 17739, "Calibration_category@10": 17670, "Calibration_category@100": 17670, "Calibration_complexity@10": 17634, "Calibration_complexity@100": 17634, "EILD@10": 17739, "EILD@100": 17739, "Fragmentation@10": 17739, "Fragmentation@100": 17739, "GiniCoeff@10": 17739, "GiniCoeff@100": 17739, "ILD@10": 17739, "ILD@100": 17739, "NDCG_score@10": 17739, "NDCG_score@100": 17739, "Representation@10": 16441, "Representation@100": 17739, "total_user_number": 19663}, "model_parameter": {"batch_size": 256, "dropout_p": 0.7, "embedding_size": 64, "lr": 0.05, "neg_weight": 0.5, "num_epochs": 160}, "Re-Rank": {"F1@10": 0.010936694249933439, "NCRR@10": 0.012007785904398036, "NDCG@10": 0.01434139419387055, "Precision@10": 0.01028806584362109, "Recall@10": 0.017908417960702798, "Activation@10": 0.2975333632844093, "AltVoices_mainstream@10": 0.11077214397241812, "Calibration_category@10": 0.5660985015274144, "Calibration_complexity@10": 0.3578038550564776, "EILD@10": 0.7930540531804763, "Fragmentation@10": 0.8355386280236081, "GiniCoeff@10": 0.8091204408365553, "ILD@10": 0.8132376245685766, "NDCG_score@10": 0.042871689605209894, "Representation@10": 0.614088488951572, "Re-rank Time (s)": 1964.9483048915863, "rerank_parameter": {"rerank": 10, "k": 50, "lambda_constant": 0, "diversity_objective": "ILD"}}}}