{"ENMF": {"metric_avg_results": {"MAE": 0.3952046407041728, "MSE": 0.3328742696188326, "RMSE": 0.5258238143612775, "AUC": 0.8250296936551007, "F1@10": 0.018508894181629792, "F1@100": 0.020096800763974222, "MAP": 0.020401452696979433, "MRR": 0.05780508634262723, "NCRR@10": 0.018997506927433017, "NCRR@100": 0.029310078362618067, "NDCG@10": 0.02449330183627874, "NDCG@100": 0.07657648849943725, "Precision@10": 0.016274874570156018, "Precision@100": 0.011087434466429446, "Recall@10": 0.036062276711443346, "Recall@100": 0.21303003808532292, "Activation@10": 0.2943928142732249, "Activation@100": 0.09197488563943962, "AltVoices_mainstream@10": 0.11445732921486271, "AltVoices_mainstream@100": 0.10074425126261462, "Calibration_category@10": 0.464866236172977, "Calibration_category@100": 0.41139574010906554, "Calibration_complexity@10": 0.30784179623699526, "Calibration_complexity@100": 0.2394729237993531, "EILD@10": 0.7323361036881288, "EILD@100": 0.6451892053567235, "Fragmentation@10": 0.842035095303232, "Fragmentation@100": 0.616049509423558, "GiniCoeff@10": 0.8362182197417861, "GiniCoeff@100": 0.6930019307740015, "ILD@10": 0.7635329562608376, "ILD@100": 0.8065972197309993, "NDCG_score@10": 0.06483739975752431, "NDCG_score@100": 0.15494919591711195, "Representation@10": 0.5916545989433819, "Representation@100": 0.45901331081940216, "Train (s)": 3784.774928331375, "Test (s)": 8582.629583120346}, "user_info": {"Activation@10": 17739, "Activation@100": 17739, "AltVoices_mainstream@10": 17739, "AltVoices_mainstream@100": 17739, "Calibration_category@10": 17670, "Calibration_category@100": 17670, "Calibration_complexity@10": 17634, "Calibration_complexity@100": 17634, "EILD@10": 17739, "EILD@100": 17739, "Fragmentation@10": 17739, "Fragmentation@100": 17739, "GiniCoeff@10": 17739, "GiniCoeff@100": 17739, "ILD@10": 17739, "ILD@100": 17739, "NDCG_score@10": 17739, "NDCG_score@100": 17739, "Representation@10": 16683, "Representation@100": 17739, "total_user_number": 19663}, "model_parameter": {"batch_size": 256, "dropout_p": 0.7, "embedding_size": 64, "lr": 0.05, "neg_weight": 0.1, "num_epochs": 160}, "Re-Rank": {"F1@10": 0.05410185026889258, "NCRR@10": 0.20974183667065224, "NDCG@10": 0.167802493049837, "Precision@10": 0.04452900388974074, "Recall@10": 0.11041854186547856, "Activation@10": 0.2955653480175642, "AltVoices_mainstream@10": 0.11557032994914478, "Calibration_category@10": 0.5133705424333515, "Calibration_complexity@10": 0.3400311634799123, "EILD@10": 0.7039367455753037, "Fragmentation@10": 0.8477570318775303, "GiniCoeff@10": 0.8211426799706625, "ILD@10": 0.7883195219572611, "NDCG_score@10": 0.44450081740797115, "Representation@10": 0.6027946579617213, "Re-rank Time (s)": 1529.8512609004974, "rerank_parameter": {"rerank": 10, "k": 50, "lambda_constant": 0, "diversity_objective": "NDCG_score"}}}}