{"ConvMF": {"metric_avg_results": {"MAE": 0.12182342852992212, "MSE": 0.05398664637378038, "RMSE": 0.18475782269899627, "AUC": 0.8114483436407364, "F1@10": 0.01732344317615562, "F1@100": 0.01525156636161214, "MAP": 0.01974655789092802, "MRR": 0.06237663222549742, "NCRR@10": 0.022871485821419235, "NCRR@100": 0.030454878008326743, "NDCG@10": 0.025760854931070883, "NDCG@100": 0.06367228445832263, "Precision@10": 0.015164327188679943, "Precision@100": 0.008414228535994238, "Recall@10": 0.03172409733789112, "Recall@100": 0.16052101820515005, "Activation@10": 0.3235911996605705, "Activation@100": 0.1089235149161127, "AltVoices_mainstream@10": 0.14912151022026976, "AltVoices_mainstream@100": 0.13859977383653033, "Calibration_category@10": 0.6518406152962569, "Calibration_category@100": 0.5383317787428397, "Calibration_complexity@10": 0.34086127595217636, "Calibration_complexity@100": 0.2660746652606448, "EILD@10": 0.8065954377197947, "EILD@100": 0.7262929080538404, "Fragmentation@10": 0.391123482316479, "Fragmentation@100": 0.1819044485975351, "GiniCoeff@10": 0.8162368228196, "GiniCoeff@100": 0.6940784429787504, "ILD@10": 0.8416972020220084, "ILD@100": 0.827900425986004, "NDCG_score@10": 0.06919205698479032, "NDCG_score@100": 0.13804150126381304, "Representation@10": 0.4978094313094734, "Representation@100": 0.41767680811327434, "Train (s)": 55225.70596456528, "Test (s)": 13868.314220428467}, "user_info": {"Activation@10": 17739, "Activation@100": 17739, "AltVoices_mainstream@10": 17739, "AltVoices_mainstream@100": 17739, "Calibration_category@10": 17670, "Calibration_category@100": 17670, "Calibration_complexity@10": 17634, "Calibration_complexity@100": 17634, "EILD@10": 17739, "EILD@100": 17739, "Fragmentation@10": 17739, "Fragmentation@100": 17739, "GiniCoeff@10": 17739, "GiniCoeff@100": 17739, "ILD@10": 17739, "ILD@100": 17739, "NDCG_score@10": 17739, "NDCG_score@100": 17739, "Representation@10": 17656, "Representation@100": 17739, "total_user_number": 19663}, "model_parameter": {"cnn_epochs": 5, "k": 300, "lambda_u": 1000.0, "lambda_v": 0.01, "n_epochs": 50}, "Re-Rank": {"F1@10": 0.012804949025437686, "NCRR@10": 0.012515951102507866, "NDCG@10": 0.016044880909193253, "Precision@10": 0.011387338632391535, "Recall@10": 0.022512601073255967, "Activation@10": 0.7452984003872531, "AltVoices_mainstream@10": 0.13742963774092745, "Calibration_category@10": 0.6061306521677616, "Calibration_complexity@10": 0.39343128160185925, "EILD@10": 0.8072964135398488, "Fragmentation@10": 0.7562200897691967, "GiniCoeff@10": 0.8321854388637481, "ILD@10": 0.8320323706085803, "NDCG_score@10": 0.045085140286046474, "Representation@10": 0.6572247692032498, "Re-rank Time (s)": 164502.50041151047, "rerank_parameter": {"rerank": 10, "k": 50, "lambda_constant": 0, "diversity_objective": "Activation"}}}}