{"ENMF": {"metric_avg_results": {"MAE": 0.394494158221493, "MSE": 0.33256543927493043, "RMSE": 0.5254404583256865, "AUC": 0.8218240079429839, "F1@10": 0.01858587231795611, "F1@100": 0.02013065237102673, "MAP": 0.020639147289950817, "MRR": 0.05801435455076976, "NCRR@10": 0.019184011438010438, "NCRR@100": 0.02952479957620418, "NDCG@10": 0.02472656674986387, "NDCG@100": 0.07674533041972499, "Precision@10": 0.01629742375556667, "Precision@100": 0.011106037544393299, "Recall@10": 0.03667281424337837, "Recall@100": 0.21260343509441595, "Activation@10": 0.29595161240527756, "Activation@100": 0.09214271661547592, "AltVoices_mainstream@10": 0.11512656686233701, "AltVoices_mainstream@100": 0.10093566561656041, "Calibration_category@10": 0.4659329038175843, "Calibration_category@100": 0.4121494016450158, "Calibration_complexity@10": 0.30704841392762466, "Calibration_complexity@100": 0.23951421634027337, "EILD@10": 0.7318810690102768, "EILD@100": 0.6455682797525886, "Fragmentation@10": 0.841072353336798, "Fragmentation@100": 0.6141213103734651, "GiniCoeff@10": 0.8370356277129198, "GiniCoeff@100": 0.6946843114042514, "ILD@10": 0.7624956937319479, "ILD@100": 0.8069131588732535, "NDCG_score@10": 0.06499166205695069, "NDCG_score@100": 0.15492618690218557, "Representation@10": 0.5922765644300205, "Representation@100": 0.45843762699971824, "Train (s)": 8391.074808835983, "Test (s)": 12852.400445222855}, "user_info": {"Activation@10": 17739, "Activation@100": 17739, "AltVoices_mainstream@10": 17739, "AltVoices_mainstream@100": 17739, "Calibration_category@10": 17670, "Calibration_category@100": 17670, "Calibration_complexity@10": 17634, "Calibration_complexity@100": 17634, "EILD@10": 17739, "EILD@100": 17739, "Fragmentation@10": 17739, "Fragmentation@100": 17739, "GiniCoeff@10": 17739, "GiniCoeff@100": 17739, "ILD@10": 17739, "ILD@100": 17739, "NDCG_score@10": 17739, "NDCG_score@100": 17739, "Representation@10": 16582, "Representation@100": 17739, "total_user_number": 19663}, "model_parameter": {"batch_size": 256, "dropout_p": 0.7, "embedding_size": 64, "lr": 0.05, "neg_weight": 0.1, "num_epochs": 160}, "Re-Rank": {"F1@10": 0.011434783888424897, "NCRR@10": 0.012300906959195383, "NDCG@10": 0.014941078000279637, "Precision@10": 0.010434635548790486, "Recall@10": 0.019482688337709053, "Activation@10": 0.2974401277223079, "AltVoices_mainstream@10": 0.12196296176172002, "Calibration_category@10": 0.9056793953703327, "Calibration_complexity@10": 0.3664460452975879, "EILD@10": 0.7995181479647784, "Fragmentation@10": 0.8812529184646646, "GiniCoeff@10": 0.8125570776255439, "ILD@10": 0.8196278131674626, "NDCG_score@10": 0.04304175164906456, "Representation@10": 0.6089166372423502, "Re-rank Time (s)": 3888.9351649284363, "rerank_parameter": {"rerank": 10, "k": 50, "lambda_constant": 0.3, "diversity_objective": "Calibration_category"}}}}