{"ENMF": {"metric_avg_results": {"MAE": 0.4093844031765656, "MSE": 0.39893768491834086, "RMSE": 0.5686662149021343, "AUC": 0.7931078830544662, "F1@10": 0.013007976963400747, "F1@100": 0.018032682476148976, "MAP": 0.016543312765773366, "MRR": 0.03802965961453485, "NCRR@10": 0.010870280122201901, "NCRR@100": 0.02117553335609975, "NDCG@10": 0.016011568482595512, "NDCG@100": 0.06455596729634692, "Precision@10": 0.010406449067027132, "Precision@100": 0.009978578273859536, "Recall@10": 0.026804253491799, "Recall@100": 0.18487379978973997, "Activation@10": 0.292222623556894, "Activation@100": 0.08373030862737174, "AltVoices_mainstream@10": 0.1211280812428988, "AltVoices_mainstream@100": 0.09398183921740824, "Calibration_category@10": 0.5137751936229543, "Calibration_category@100": 0.44995012921952543, "Calibration_complexity@10": 0.330213652105656, "Calibration_complexity@100": 0.24994490475041026, "EILD@10": 0.7567946104656913, "EILD@100": 0.6615682669179979, "Fragmentation@10": 0.8269655764610931, "Fragmentation@100": 0.5684657817478671, "GiniCoeff@10": 0.830876176785582, "GiniCoeff@100": 0.6967182479282916, "ILD@10": 0.7786233722306672, "ILD@100": 0.8073829677347367, "NDCG_score@10": 0.038253649684359625, "NDCG_score@100": 0.13519838446300841, "Representation@10": 0.5917392840501462, "Representation@100": 0.4612303643444374, "Train (s)": 4270.721749782562, "Test (s)": 15555.798459529877}, "user_info": {"Activation@10": 17739, "Activation@100": 17739, "AltVoices_mainstream@10": 17739, "AltVoices_mainstream@100": 17739, "Calibration_category@10": 17670, "Calibration_category@100": 17670, "Calibration_complexity@10": 17634, "Calibration_complexity@100": 17634, "EILD@10": 17739, "EILD@100": 17739, "Fragmentation@10": 17739, "Fragmentation@100": 17739, "GiniCoeff@10": 17739, "GiniCoeff@100": 17739, "ILD@10": 17739, "ILD@100": 17739, "NDCG_score@10": 17739, "NDCG_score@100": 17739, "Representation@10": 16453, "Representation@100": 17739, "total_user_number": 19663}, "model_parameter": {"batch_size": 256, "dropout_p": 0.7, "embedding_size": 64, "lr": 0.05, "neg_weight": 1.0, "num_epochs": 160}, "Re-Rank": {"F1@10": 0.010391211070766132, "NCRR@10": 0.011416574520066334, "NDCG@10": 0.013512598056517352, "Precision@10": 0.009949828062460954, "Recall@10": 0.016546861456144632, "Activation@10": 0.2994929035936138, "AltVoices_mainstream@10": 0.10851038057790109, "Calibration_category@10": 0.5692417750538582, "Calibration_complexity@10": 0.3592733233364106, "EILD@10": 0.7883804414829921, "Fragmentation@10": 0.8357014614230508, "GiniCoeff@10": 0.8136436664975216, "ILD@10": 0.8076253828663669, "NDCG_score@10": 0.04149654781292795, "Representation@10": 0.619091043941129, "Re-rank Time (s)": 3468.130131959915, "rerank_parameter": {"rerank": 10, "k": 50, "lambda_constant": 0, "diversity_objective": "ILD"}}}}