{"ENMF": {"metric_avg_results": {"MAE": 0.3950108709876263, "MSE": 0.33270067702205575, "RMSE": 0.5256368985099614, "AUC": 0.8257617438622952, "F1@10": 0.0187485675555545, "F1@100": 0.020317588943771753, "MAP": 0.020683367834881394, "MRR": 0.058010615191329176, "NCRR@10": 0.019231882594639923, "NCRR@100": 0.029610207901892803, "NDCG@10": 0.02479942561811066, "NDCG@100": 0.07705497415359756, "Precision@10": 0.01637070860815141, "Precision@100": 0.011217092282540832, "Recall@10": 0.03650221846864651, "Recall@100": 0.2128488980640895, "Activation@10": 0.29311180793167035, "Activation@100": 0.09022057927283252, "AltVoices_mainstream@10": 0.115592925378792, "AltVoices_mainstream@100": 0.1001797425352856, "Calibration_category@10": 0.46506726596732584, "Calibration_category@100": 0.41246947793232713, "Calibration_complexity@10": 0.307248249461967, "Calibration_complexity@100": 0.2389115214165548, "EILD@10": 0.7329297484860233, "EILD@100": 0.6450063878456516, "Fragmentation@10": 0.8429415327450721, "Fragmentation@100": 0.6153285057721041, "GiniCoeff@10": 0.8377741135351244, "GiniCoeff@100": 0.6933243136591714, "ILD@10": 0.7641430369994502, "ILD@100": 0.8069360724899354, "NDCG_score@10": 0.06510565089206345, "NDCG_score@100": 0.15589266120121822, "Representation@10": 0.5945828545598926, "Representation@100": 0.4594305765985826, "Train (s)": 3556.1800718307495, "Test (s)": 10929.595007658005}, "user_info": {"Activation@10": 17739, "Activation@100": 17739, "AltVoices_mainstream@10": 17739, "AltVoices_mainstream@100": 17739, "Calibration_category@10": 17670, "Calibration_category@100": 17670, "Calibration_complexity@10": 17634, "Calibration_complexity@100": 17634, "EILD@10": 17739, "EILD@100": 17739, "Fragmentation@10": 17739, "Fragmentation@100": 17739, "GiniCoeff@10": 17739, "GiniCoeff@100": 17739, "ILD@10": 17739, "ILD@100": 17739, "NDCG_score@10": 17739, "NDCG_score@100": 17739, "Representation@10": 16644, "Representation@100": 17739, "total_user_number": 19663}, "model_parameter": {"batch_size": 256, "dropout_p": 0.7, "embedding_size": 64, "lr": 0.05, "neg_weight": 0.1, "num_epochs": 160}, "Re-Rank": {"F1@10": 0.011863371104338657, "NCRR@10": 0.013382739353607153, "NDCG@10": 0.015844446139513996, "Precision@10": 0.010846158182535313, "Recall@10": 0.020299106055160044, "Activation@10": 0.29709266828858566, "AltVoices_mainstream@10": 0.11765464565946468, "Calibration_category@10": 0.5481265627567703, "Calibration_complexity@10": 0.35587701218650375, "EILD@10": 0.786908459851054, "Fragmentation@10": 0.8529258062198544, "GiniCoeff@10": 0.8099484187383491, "ILD@10": 0.8077068104803443, "NDCG_score@10": 0.04612126580886438, "Representation@10": 0.6111510472637142, "Re-rank Time (s)": 3784.4093177318573, "rerank_parameter": {"rerank": 10, "k": 50, "lambda_constant": 0, "diversity_objective": "Calibration_category"}}}}