{"ENMF": {"metric_avg_results": {"MAE": 0.3943735810840599, "MSE": 0.33257672381835507, "RMSE": 0.5252768794586988, "AUC": 0.8238833168162711, "F1@10": 0.01844898973625741, "F1@100": 0.019976581499466347, "MAP": 0.02085760561316596, "MRR": 0.058930056796668094, "NCRR@10": 0.01957191715032786, "NCRR@100": 0.02996755423250699, "NDCG@10": 0.024812358953332423, "NDCG@100": 0.07651562198725635, "Precision@10": 0.016133942161339246, "Precision@100": 0.011027115395455884, "Recall@10": 0.036065176613826425, "Recall@100": 0.21016602174610155, "Activation@10": 0.2917111482632721, "Activation@100": 0.09119377106039737, "AltVoices_mainstream@10": 0.11440058231161308, "AltVoices_mainstream@100": 0.10086744355327457, "Calibration_category@10": 0.46619581562498263, "Calibration_category@100": 0.4125811182624125, "Calibration_complexity@10": 0.3056576976435137, "Calibration_complexity@100": 0.23952563187426584, "EILD@10": 0.734074227343804, "EILD@100": 0.6474084683034309, "Fragmentation@10": 0.8411800949111481, "Fragmentation@100": 0.6160111038281577, "GiniCoeff@10": 0.837108207903459, "GiniCoeff@100": 0.6934842719431769, "ILD@10": 0.764877138257818, "ILD@100": 0.8073605096571519, "NDCG_score@10": 0.0656477325692904, "NDCG_score@100": 0.15509460161048536, "Representation@10": 0.5899035913387197, "Representation@100": 0.4575079451305928, "Train (s)": 8415.76194524765, "Test (s)": 12779.80331993103}, "user_info": {"Activation@10": 17739, "Activation@100": 17739, "AltVoices_mainstream@10": 17739, "AltVoices_mainstream@100": 17739, "Calibration_category@10": 17670, "Calibration_category@100": 17670, "Calibration_complexity@10": 17634, "Calibration_complexity@100": 17634, "EILD@10": 17739, "EILD@100": 17739, "Fragmentation@10": 17739, "Fragmentation@100": 17739, "GiniCoeff@10": 17739, "GiniCoeff@100": 17739, "ILD@10": 17739, "ILD@100": 17739, "NDCG_score@10": 17739, "NDCG_score@100": 17739, "Representation@10": 16592, "Representation@100": 17739, "total_user_number": 19663}, "model_parameter": {"batch_size": 256, "dropout_p": 0.7, "embedding_size": 64, "lr": 0.05, "neg_weight": 0.1, "num_epochs": 160}, "Re-Rank": {"F1@10": 0.011386660132654226, "NCRR@10": 0.013012138484425536, "NDCG@10": 0.015220437961763275, "Precision@10": 0.010919443035120022, "Recall@10": 0.018608093969172342, "Activation@10": 0.2971650105503654, "AltVoices_mainstream@10": 0.11922576575779921, "Calibration_category@10": 0.8423119336111151, "Calibration_complexity@10": 0.3636852934270347, "EILD@10": 0.8080084555910537, "Fragmentation@10": 0.8740018141652625, "GiniCoeff@10": 0.8019434579175607, "ILD@10": 0.829073416389491, "NDCG_score@10": 0.04535284686940521, "Representation@10": 0.6070644209347893, "Re-rank Time (s)": 3894.807962179184, "rerank_parameter": {"rerank": 10, "k": 50, "lambda_constant": 0.5, "diversity_objective": "Calibration_category"}}}}