{"ENMF": {"metric_avg_results": {"MAE": 0.39471366680886477, "MSE": 0.33265855041746506, "RMSE": 0.5255297677603459, "AUC": 0.8248455795050321, "F1@10": 0.018580197071241623, "F1@100": 0.020097031003369497, "MAP": 0.02076296083951286, "MRR": 0.05746034274824872, "NCRR@10": 0.019069805669769502, "NCRR@100": 0.029526358808923583, "NDCG@10": 0.024654243674649894, "NDCG@100": 0.07660773029203044, "Precision@10": 0.016167765939455278, "Precision@100": 0.011093635492417358, "Recall@10": 0.03644260310818455, "Recall@100": 0.21117619621699762, "Activation@10": 0.29506821827377006, "Activation@100": 0.09214042644932945, "AltVoices_mainstream@10": 0.1156201382560639, "AltVoices_mainstream@100": 0.1006000450468545, "Calibration_category@10": 0.4659583661312755, "Calibration_category@100": 0.41248371978708986, "Calibration_complexity@10": 0.3056923251118872, "Calibration_complexity@100": 0.23936227560842208, "EILD@10": 0.7330838771991721, "EILD@100": 0.6456185200148434, "Fragmentation@10": 0.8417558394594222, "Fragmentation@100": 0.6144524748579957, "GiniCoeff@10": 0.8369397936749253, "GiniCoeff@100": 0.6942238852246481, "ILD@10": 0.76422321188091, "ILD@100": 0.806904970557944, "NDCG_score@10": 0.06454810909658544, "NDCG_score@100": 0.15504940284333862, "Representation@10": 0.5931961897177704, "Representation@100": 0.45672123469854387, "Train (s)": 5242.964399576187, "Test (s)": 24020.04439997673}, "user_info": {"Activation@10": 17739, "Activation@100": 17739, "AltVoices_mainstream@10": 17739, "AltVoices_mainstream@100": 17739, "Calibration_category@10": 17670, "Calibration_category@100": 17670, "Calibration_complexity@10": 17634, "Calibration_complexity@100": 17634, "EILD@10": 17739, "EILD@100": 17739, "Fragmentation@10": 17739, "Fragmentation@100": 17739, "GiniCoeff@10": 17739, "GiniCoeff@100": 17739, "ILD@10": 17739, "ILD@100": 17739, "NDCG_score@10": 17739, "NDCG_score@100": 17739, "Representation@10": 16602, "Representation@100": 17739, "total_user_number": 19663}, "model_parameter": {"batch_size": 256, "dropout_p": 0.7, "embedding_size": 64, "lr": 0.05, "neg_weight": 0.1, "num_epochs": 160}, "Re-Rank": {"F1@10": 0.011286662342852218, "NCRR@10": 0.01254893442113772, "NDCG@10": 0.014936868763530634, "Precision@10": 0.010519194994080524, "Recall@10": 0.018844654179467662, "Activation@10": 0.2977136485580695, "AltVoices_mainstream@10": 0.11726177036162003, "Calibration_category@10": 0.5458778482981869, "Calibration_complexity@10": 0.3560554890415976, "EILD@10": 0.7892001623754094, "Fragmentation@10": 0.8533573677283286, "GiniCoeff@10": 0.8089245447882977, "ILD@10": 0.8090121577691162, "NDCG_score@10": 0.043964284643641924, "Representation@10": 0.6090093775695712, "Re-rank Time (s)": 7157.911756038666, "rerank_parameter": {"rerank": 10, "k": 50, "lambda_constant": 0, "diversity_objective": "Fragmentation"}}}}