{"ENMF": {"metric_avg_results": {"MAE": 0.3947073763737325, "MSE": 0.3326666842944641, "RMSE": 0.5255109694738858, "AUC": 0.8239775704267596, "F1@10": 0.019023047452981945, "F1@100": 0.020127636754545822, "MAP": 0.020771639419371584, "MRR": 0.05889427824565465, "NCRR@10": 0.019594094641254937, "NCRR@100": 0.02993286236524718, "NDCG@10": 0.02517408826946094, "NDCG@100": 0.07700105080073089, "Precision@10": 0.01663566153672692, "Precision@100": 0.011108856192569608, "Recall@10": 0.03701340641389061, "Recall@100": 0.21199881191018075, "Activation@10": 0.2940051947200449, "Activation@100": 0.09068286855435838, "AltVoices_mainstream@10": 0.11516600326391045, "AltVoices_mainstream@100": 0.09982716160025669, "Calibration_category@10": 0.4661588069827592, "Calibration_category@100": 0.41222791912937534, "Calibration_complexity@10": 0.30666821433847974, "Calibration_complexity@100": 0.23926964604299783, "EILD@10": 0.7305024846678478, "EILD@100": 0.6444133883581612, "Fragmentation@10": 0.8423498199285875, "Fragmentation@100": 0.6163325862230489, "GiniCoeff@10": 0.8377297198263414, "GiniCoeff@100": 0.6938151812390786, "ILD@10": 0.7624180243155351, "ILD@100": 0.8064288297029722, "NDCG_score@10": 0.06638141559259694, "NDCG_score@100": 0.15638528386336797, "Representation@10": 0.5932887404379877, "Representation@100": 0.45897658368872196, "Train (s)": 4226.293397903442, "Test (s)": 10273.258687257767}, "user_info": {"Activation@10": 17739, "Activation@100": 17739, "AltVoices_mainstream@10": 17739, "AltVoices_mainstream@100": 17739, "Calibration_category@10": 17670, "Calibration_category@100": 17670, "Calibration_complexity@10": 17634, "Calibration_complexity@100": 17634, "EILD@10": 17739, "EILD@100": 17739, "Fragmentation@10": 17739, "Fragmentation@100": 17739, "GiniCoeff@10": 17739, "GiniCoeff@100": 17739, "ILD@10": 17739, "ILD@100": 17739, "NDCG_score@10": 17739, "NDCG_score@100": 17739, "Representation@10": 16659, "Representation@100": 17739, "total_user_number": 19663}, "model_parameter": {"batch_size": 256, "dropout_p": 0.7, "embedding_size": 64, "lr": 0.05, "neg_weight": 0.1, "num_epochs": 160}, "Re-Rank": {"F1@10": 0.0147366408933584, "NCRR@10": 0.020064382422490236, "NDCG@10": 0.022471537814364964, "Precision@10": 0.012960144314786178, "Recall@10": 0.027624228852981183, "Activation@10": 0.29524963022813483, "AltVoices_mainstream@10": 0.12274196645653888, "Calibration_category@10": 0.9271369283524469, "Calibration_complexity@10": 0.3676307583498212, "EILD@10": 0.7899232900361056, "Fragmentation@10": 0.8806113235041293, "GiniCoeff@10": 0.8140995828400465, "ILD@10": 0.8180230628057361, "NDCG_score@10": 0.05989496946477091, "Representation@10": 0.6030356693204681, "Re-rank Time (s)": 3101.7654547691345, "rerank_parameter": {"rerank": 10, "k": 50, "lambda_constant": 0, "diversity_objective": "Calibration_category"}}}}