{"ENMF": {"metric_avg_results": {"MAE": 0.394461240991169, "MSE": 0.33271918735241585, "RMSE": 0.5253899959565933, "AUC": 0.8235020910363537, "F1@10": 0.01896883160147055, "F1@100": 0.020160715736949934, "MAP": 0.02052588410593727, "MRR": 0.05873630147429616, "NCRR@10": 0.019359030073744676, "NCRR@100": 0.029660746574449795, "NDCG@10": 0.024999829363772406, "NDCG@100": 0.07666438451090579, "Precision@10": 0.016618749647668903, "Precision@100": 0.011131969107615576, "Recall@10": 0.03703448118199084, "Recall@100": 0.21124922784031272, "Activation@10": 0.2945940814006124, "Activation@100": 0.09164657035323984, "AltVoices_mainstream@10": 0.11525426675027362, "AltVoices_mainstream@100": 0.10078148056228059, "Calibration_category@10": 0.4669506552857127, "Calibration_category@100": 0.41170101556945954, "Calibration_complexity@10": 0.30668733569063267, "Calibration_complexity@100": 0.23913561098302832, "EILD@10": 0.7313402000371007, "EILD@100": 0.645391624492364, "Fragmentation@10": 0.8441549767423998, "Fragmentation@100": 0.61636318418216, "GiniCoeff@10": 0.8380158126162442, "GiniCoeff@100": 0.6940771041208638, "ILD@10": 0.7628903044766369, "ILD@100": 0.806945069387146, "NDCG_score@10": 0.066548800414035, "NDCG_score@100": 0.1557124555974552, "Representation@10": 0.5932632446177003, "Representation@100": 0.4590906841252183, "Train (s)": 4433.565800905228, "Test (s)": 16956.57182097435}, "user_info": {"Activation@10": 17739, "Activation@100": 17739, "AltVoices_mainstream@10": 17739, "AltVoices_mainstream@100": 17739, "Calibration_category@10": 17670, "Calibration_category@100": 17670, "Calibration_complexity@10": 17633, "Calibration_complexity@100": 17634, "EILD@10": 17739, "EILD@100": 17739, "Fragmentation@10": 17739, "Fragmentation@100": 17739, "GiniCoeff@10": 17739, "GiniCoeff@100": 17739, "ILD@10": 17739, "ILD@100": 17739, "NDCG_score@10": 17739, "NDCG_score@100": 17739, "Representation@10": 16748, "Representation@100": 17739, "total_user_number": 19663}, "model_parameter": {"batch_size": 256, "dropout_p": 0.7, "embedding_size": 64, "lr": 0.05, "neg_weight": 0.1, "num_epochs": 160}, "Re-Rank": {"F1@10": 0.011723784528533388, "NCRR@10": 0.013351140791320475, "NDCG@10": 0.015470376414014168, "Precision@10": 0.010902531146062015, "Recall@10": 0.01894169933083582, "Activation@10": 0.29819876084744584, "AltVoices_mainstream@10": 0.1169118690117439, "Calibration_category@10": 0.5446587376523284, "Calibration_complexity@10": 0.3560260280950331, "EILD@10": 0.7882633176240761, "Fragmentation@10": 0.852283331512866, "GiniCoeff@10": 0.8094142849089353, "ILD@10": 0.8091311673587892, "NDCG_score@10": 0.04695827168552466, "Representation@10": 0.6101535990204278, "Re-rank Time (s)": 14658.478991270065, "rerank_parameter": {"rerank": 10, "k": 50, "lambda_constant": 0, "diversity_objective": "EILD"}}}}