{"ENMF": {"metric_avg_results": {"MAE": 0.3947751656761599, "MSE": 0.3329617661658862, "RMSE": 0.5257425094408993, "AUC": 0.8237672539199905, "F1@10": 0.01863358330658003, "F1@100": 0.019968913441149476, "MAP": 0.02055355613249511, "MRR": 0.05789072560838903, "NCRR@10": 0.019190515193447156, "NCRR@100": 0.0293736851888292, "NDCG@10": 0.024753437189633926, "NDCG@100": 0.07626521401212323, "Precision@10": 0.016162128643102583, "Precision@100": 0.011019786910197407, "Recall@10": 0.03663679691440714, "Recall@100": 0.21135088975855817, "Activation@10": 0.2944079232931608, "Activation@100": 0.09144436895071929, "AltVoices_mainstream@10": 0.11331176818748359, "AltVoices_mainstream@100": 0.1000517313648337, "Calibration_category@10": 0.4661373509757863, "Calibration_category@100": 0.4134328125750667, "Calibration_complexity@10": 0.30581680031885955, "Calibration_complexity@100": 0.2388981523959519, "EILD@10": 0.7350968302806892, "EILD@100": 0.6477299332894749, "Fragmentation@10": 0.8407422850245558, "Fragmentation@100": 0.6156969652939228, "GiniCoeff@10": 0.8357721686678841, "GiniCoeff@100": 0.6932737189244049, "ILD@10": 0.7661336289781993, "ILD@100": 0.807209726215309, "NDCG_score@10": 0.06528770352018261, "NDCG_score@100": 0.15419144707568164, "Representation@10": 0.5935015235467251, "Representation@100": 0.4584501535691312, "Train (s)": 5238.109772443771, "Test (s)": 11964.911907434464}, "user_info": {"Activation@10": 17739, "Activation@100": 17739, "AltVoices_mainstream@10": 17739, "AltVoices_mainstream@100": 17739, "Calibration_category@10": 17670, "Calibration_category@100": 17670, "Calibration_complexity@10": 17634, "Calibration_complexity@100": 17634, "EILD@10": 17739, "EILD@100": 17739, "Fragmentation@10": 17739, "Fragmentation@100": 17739, "GiniCoeff@10": 17739, "GiniCoeff@100": 17739, "ILD@10": 17739, "ILD@100": 17739, "NDCG_score@10": 17739, "NDCG_score@100": 17739, "Representation@10": 16650, "Representation@100": 17739, "total_user_number": 19663}, "model_parameter": {"batch_size": 256, "dropout_p": 0.7, "embedding_size": 64, "lr": 0.05, "neg_weight": 0.1, "num_epochs": 160}, "Re-Rank": {"F1@10": 0.013807409450278784, "NCRR@10": 0.015053440433529384, "NDCG@10": 0.018507219432940737, "Precision@10": 0.0123569536050506, "Recall@10": 0.025331353383668383, "Activation@10": 0.2925123368240352, "AltVoices_mainstream@10": 0.11130245900939846, "Calibration_category@10": 0.5634383075871717, "Calibration_complexity@10": 0.3269244185857052, "EILD@10": 0.962873791232966, "Fragmentation@10": 0.8620371568794606, "GiniCoeff@10": 0.4796275156435032, "ILD@10": 0.9899468215044529, "NDCG_score@10": 0.051439345032764525, "Representation@10": 0.5981137423400592, "Re-rank Time (s)": 2589.3898029327393, "rerank_parameter": {"rerank": 10, "k": 50, "lambda_constant": 0, "diversity_objective": "ILD"}}}}