{"ENMF": {"metric_avg_results": {"MAE": 0.39422897262756607, "MSE": 0.332363858366727, "RMSE": 0.5251264838840777, "AUC": 0.8250158734540904, "F1@10": 0.018782186510493595, "F1@100": 0.020239108725208586, "MAP": 0.020633238845414136, "MRR": 0.05808629449163683, "NCRR@10": 0.019045959913721003, "NCRR@100": 0.029570968659207806, "NDCG@10": 0.024698796667932846, "NDCG@100": 0.07686242697165219, "Precision@10": 0.016303061051919355, "Precision@100": 0.011175940019166341, "Recall@10": 0.03674655330600493, "Recall@100": 0.21135699454469264, "Activation@10": 0.294871415495476, "Activation@100": 0.09234999217180202, "AltVoices_mainstream@10": 0.1148644915611604, "AltVoices_mainstream@100": 0.10045569844147698, "Calibration_category@10": 0.4646414581583407, "Calibration_category@100": 0.4105013452140839, "Calibration_complexity@10": 0.30940196361551797, "Calibration_complexity@100": 0.23885874346319846, "EILD@10": 0.7314360561679192, "EILD@100": 0.6447794086470171, "Fragmentation@10": 0.8427858543662502, "Fragmentation@100": 0.6158173527130381, "GiniCoeff@10": 0.8375887874175313, "GiniCoeff@100": 0.6942553131518117, "ILD@10": 0.7637196134067417, "ILD@100": 0.8064067929990554, "NDCG_score@10": 0.0658451237423941, "NDCG_score@100": 0.15565711847405886, "Representation@10": 0.5923019268938865, "Representation@100": 0.45770679412734083, "Train (s)": 4184.058608531952, "Test (s)": 8905.130462884903}, "user_info": {"Activation@10": 17739, "Activation@100": 17739, "AltVoices_mainstream@10": 17739, "AltVoices_mainstream@100": 17739, "Calibration_category@10": 17670, "Calibration_category@100": 17670, "Calibration_complexity@10": 17634, "Calibration_complexity@100": 17634, "EILD@10": 17739, "EILD@100": 17739, "Fragmentation@10": 17739, "Fragmentation@100": 17739, "GiniCoeff@10": 17739, "GiniCoeff@100": 17739, "ILD@10": 17739, "ILD@100": 17739, "NDCG_score@10": 17739, "NDCG_score@100": 17739, "Representation@10": 16643, "Representation@100": 17739, "total_user_number": 19663}, "model_parameter": {"batch_size": 256, "dropout_p": 0.7, "embedding_size": 64, "lr": 0.05, "neg_weight": 0.1, "num_epochs": 160}, "Re-Rank": {"F1@10": 0.018772791016572483, "NCRR@10": 0.019103053089598587, "NDCG@10": 0.024732336493266862, "Precision@10": 0.016297423755566684, "Recall@10": 0.03671836682424157, "Activation@10": 0.2948978326290606, "AltVoices_mainstream@10": 0.1148378527154592, "Calibration_category@10": 0.46505052668296226, "Calibration_complexity@10": 0.3094015989915912, "EILD@10": 0.7325250006150729, "Fragmentation@10": 0.843000213012599, "GiniCoeff@10": 0.8374415130503182, "ILD@10": 0.7642031681605481, "NDCG_score@10": 0.0658524534459579, "Representation@10": 0.5923836948712476, "Re-rank Time (s)": 2712.9005541801453, "rerank_parameter": {"rerank": 10, "k": 50, "lambda_constant": 1.0, "diversity_objective": "Calibration_category"}}}}