{"ENMF": {"metric_avg_results": {"MAE": 0.39440405637907433, "MSE": 0.33248916967370484, "RMSE": 0.525343248442748, "AUC": 0.8236051342393935, "F1@10": 0.018906146937406804, "F1@100": 0.020221497129860575, "MAP": 0.020818586680345932, "MRR": 0.05884810069749914, "NCRR@10": 0.019438097592001782, "NCRR@100": 0.02992595336244587, "NDCG@10": 0.024969694846010772, "NDCG@100": 0.07727984848709374, "Precision@10": 0.016432718868030743, "Precision@100": 0.011151699644849902, "Recall@10": 0.03685224751837221, "Recall@100": 0.21289379474120385, "Activation@10": 0.29291506365100684, "Activation@100": 0.09002167107306806, "AltVoices_mainstream@10": 0.11563089885369049, "AltVoices_mainstream@100": 0.10032602930589093, "Calibration_category@10": 0.46620748436584486, "Calibration_category@100": 0.411925339048919, "Calibration_complexity@10": 0.3065418054468323, "Calibration_complexity@100": 0.23905518113056937, "EILD@10": 0.7351852659127005, "EILD@100": 0.6463832951912372, "Fragmentation@10": 0.8411453590030792, "Fragmentation@100": 0.6142097590856544, "GiniCoeff@10": 0.835881391284715, "GiniCoeff@100": 0.6939106629460497, "ILD@10": 0.766808851808, "ILD@100": 0.8070146985384671, "NDCG_score@10": 0.06600496440814112, "NDCG_score@100": 0.15639489105196083, "Representation@10": 0.591566942402272, "Representation@100": 0.45926640507272026, "Train (s)": 2442.3027200698853, "Test (s)": 8218.00787115097}, "user_info": {"Activation@10": 17739, "Activation@100": 17739, "AltVoices_mainstream@10": 17739, "AltVoices_mainstream@100": 17739, "Calibration_category@10": 17670, "Calibration_category@100": 17670, "Calibration_complexity@10": 17633, "Calibration_complexity@100": 17634, "EILD@10": 17739, "EILD@100": 17739, "Fragmentation@10": 17739, "Fragmentation@100": 17739, "GiniCoeff@10": 17739, "GiniCoeff@100": 17739, "ILD@10": 17739, "ILD@100": 17739, "NDCG_score@10": 17739, "NDCG_score@100": 17739, "Representation@10": 16637, "Representation@100": 17739, "total_user_number": 19663}, "model_parameter": {"batch_size": 256, "dropout_p": 0.7, "embedding_size": 64, "lr": 0.05, "neg_weight": 0.1, "num_epochs": 160}, "Re-Rank": {"F1@10": 0.0015477044423695024, "NCRR@10": 0.004749653759038515, "NDCG@10": 0.003774197043401034, "Precision@10": 0.0015953548678054028, "Recall@10": 0.0022372570421739834, "Activation@10": 0.29383974588876216, "AltVoices_mainstream@10": 0.11312831613707644, "Calibration_category@10": 0.5807540420554965, "Calibration_complexity@10": 0.3280314898164198, "EILD@10": 0.9909556891980627, "Fragmentation@10": 0.8643564413747208, "GiniCoeff@10": 0.48041603247083287, "ILD@10": 0.9897225823828689, "NDCG_score@10": 0.00861289702003931, "Representation@10": 0.5987666556036835, "Re-rank Time (s)": 7288.124246835709, "rerank_parameter": {"rerank": 10, "k": 50, "lambda_constant": 0, "diversity_objective": "EILD"}}}}