{"ENMF": {"metric_avg_results": {"MAE": 0.3941374675556612, "MSE": 0.3321780030971181, "RMSE": 0.5250655765702122, "AUC": 0.8259135779534167, "F1@10": 0.018752548804111147, "F1@100": 0.02016119033181865, "MAP": 0.020680136014188787, "MRR": 0.05927179810998493, "NCRR@10": 0.019723229127545476, "NCRR@100": 0.02998661559271106, "NDCG@10": 0.025069723122368666, "NDCG@100": 0.0768549509522359, "Precision@10": 0.01639325779356209, "Precision@100": 0.011132532837250783, "Recall@10": 0.03682273931076733, "Recall@100": 0.21192816873180909, "Activation@10": 0.2951627272375548, "Activation@100": 0.09151201288555105, "AltVoices_mainstream@10": 0.11420625703954984, "AltVoices_mainstream@100": 0.1006698923187507, "Calibration_category@10": 0.4662075434411435, "Calibration_category@100": 0.4118768940005132, "Calibration_complexity@10": 0.3079197092610918, "Calibration_complexity@100": 0.23959945146636596, "EILD@10": 0.731794417760701, "EILD@100": 0.6452600858381069, "Fragmentation@10": 0.8424481251293474, "Fragmentation@100": 0.6153329780382857, "GiniCoeff@10": 0.8372942386831018, "GiniCoeff@100": 0.6939532949997197, "ILD@10": 0.7631821911544475, "ILD@100": 0.8069988002238969, "NDCG_score@10": 0.06590799640603771, "NDCG_score@100": 0.15617351326564238, "Representation@10": 0.592523984390253, "Representation@100": 0.45773273020531097, "Train (s)": 4019.601493358612, "Test (s)": 15822.327969789505}, "user_info": {"Activation@10": 17739, "Activation@100": 17739, "AltVoices_mainstream@10": 17739, "AltVoices_mainstream@100": 17739, "Calibration_category@10": 17670, "Calibration_category@100": 17670, "Calibration_complexity@10": 17634, "Calibration_complexity@100": 17634, "EILD@10": 17739, "EILD@100": 17739, "Fragmentation@10": 17739, "Fragmentation@100": 17739, "GiniCoeff@10": 17739, "GiniCoeff@100": 17739, "ILD@10": 17739, "ILD@100": 17739, "NDCG_score@10": 17739, "NDCG_score@100": 17739, "Representation@10": 16676, "Representation@100": 17739, "total_user_number": 19663}, "model_parameter": {"batch_size": 256, "dropout_p": 0.7, "embedding_size": 64, "lr": 0.05, "neg_weight": 0.1, "num_epochs": 160}, "Re-Rank": {"F1@10": 0.012177147643224742, "NCRR@10": 0.014078634744531004, "NDCG@10": 0.016525457402242896, "Precision@10": 0.011184395963695458, "Recall@10": 0.020858555880169525, "Activation@10": 0.2980578908632993, "AltVoices_mainstream@10": 0.11743307315919903, "Calibration_category@10": 0.5463168152106183, "Calibration_complexity@10": 0.35467019756919066, "EILD@10": 0.7858801714319132, "Fragmentation@10": 0.8515810954415277, "GiniCoeff@10": 0.8102669259822813, "ILD@10": 0.8071468390426471, "NDCG_score@10": 0.0478039427239865, "Representation@10": 0.6122578751341128, "Re-rank Time (s)": 344227.36666727066, "rerank_parameter": {"rerank": 10, "k": 50, "lambda_constant": 0, "diversity_objective": "AltVoices_mainstream"}}}}