{"ENMF": {"metric_avg_results": {"MAE": 0.4029515902849001, "MSE": 0.3706732576563635, "RMSE": 0.5507271193497524, "AUC": 0.8002538288800772, "F1@10": 0.015672708627374715, "F1@100": 0.019491743863256063, "MAP": 0.0180066911659029, "MRR": 0.04238630840560921, "NCRR@10": 0.01259406868806746, "NCRR@100": 0.02342657583813822, "NDCG@10": 0.01894363925209393, "NDCG@100": 0.07075368452067396, "Precision@10": 0.012807937313264097, "Precision@100": 0.010771182141044805, "Recall@10": 0.03224143131707698, "Recall@100": 0.20274102647400238, "Activation@10": 0.2918171735464365, "Activation@100": 0.0871529058069161, "AltVoices_mainstream@10": 0.11346384778216856, "AltVoices_mainstream@100": 0.09776808627677462, "Calibration_category@10": 0.48497122169233414, "Calibration_category@100": 0.4318511592019047, "Calibration_complexity@10": 0.3165490132946367, "Calibration_complexity@100": 0.24323027886586904, "EILD@10": 0.7426297130805916, "EILD@100": 0.6528517004492153, "Fragmentation@10": 0.8344829828248703, "Fragmentation@100": 0.586188709549743, "GiniCoeff@10": 0.8369700941428282, "GiniCoeff@100": 0.6918790518067562, "ILD@10": 0.7686177975709476, "ILD@100": 0.8123231639923741, "NDCG_score@10": 0.046763227270001505, "NDCG_score@100": 0.1442329270524031, "Representation@10": 0.5993911896507215, "Representation@100": 0.4582745325446887, "Train (s)": 3210.5761358737946, "Test (s)": 11231.841705560684}, "user_info": {"Activation@10": 17739, "Activation@100": 17739, "AltVoices_mainstream@10": 17739, "AltVoices_mainstream@100": 17739, "Calibration_category@10": 17670, "Calibration_category@100": 17670, "Calibration_complexity@10": 17634, "Calibration_complexity@100": 17634, "EILD@10": 17739, "EILD@100": 17739, "Fragmentation@10": 17739, "Fragmentation@100": 17739, "GiniCoeff@10": 17739, "GiniCoeff@100": 17739, "ILD@10": 17739, "ILD@100": 17739, "NDCG_score@10": 17739, "NDCG_score@100": 17739, "Representation@10": 16535, "Representation@100": 17739, "total_user_number": 19663}, "model_parameter": {"batch_size": 256, "dropout_p": 0.7, "embedding_size": 64, "lr": 0.05, "neg_weight": 0.3, "num_epochs": 160}, "Re-Rank": {"F1@10": 0.011451633021053467, "NCRR@10": 0.012852233101333292, "NDCG@10": 0.015121386541001917, "Precision@10": 0.010705225773718595, "Recall@10": 0.01863979586849205, "Activation@10": 0.29754088525574873, "AltVoices_mainstream@10": 0.11394157460590318, "Calibration_category@10": 0.5604238082360633, "Calibration_complexity@10": 0.3573988346456303, "EILD@10": 0.7928829087055256, "Fragmentation@10": 0.8420860183521643, "GiniCoeff@10": 0.8079119454309479, "ILD@10": 0.8136823446141768, "NDCG_score@10": 0.04528564810415546, "Representation@10": 0.6120432026471058, "Re-rank Time (s)": 2807.108854532242, "rerank_parameter": {"rerank": 10, "k": 50, "lambda_constant": 0, "diversity_objective": "ILD"}}}}