{"ENMF": {"metric_avg_results": {"MAE": 0.3947750894594634, "MSE": 0.33255940164168046, "RMSE": 0.5254561013994632, "AUC": 0.8245883981275329, "F1@10": 0.019024676980550163, "F1@100": 0.020225546459972415, "MAP": 0.020874981335558946, "MRR": 0.05879469992313606, "NCRR@10": 0.019743491972396544, "NCRR@100": 0.029988544138369603, "NDCG@10": 0.025263244262657848, "NDCG@100": 0.07708939919813167, "Precision@10": 0.01664693612943225, "Precision@100": 0.011164101696825772, "Recall@10": 0.036894834073315896, "Recall@100": 0.2124546920963458, "Activation@10": 0.29590786365488786, "Activation@100": 0.09141245211719286, "AltVoices_mainstream@10": 0.11373702239449086, "AltVoices_mainstream@100": 0.10069918841233189, "Calibration_category@10": 0.4650373525984776, "Calibration_category@100": 0.4110926234565058, "Calibration_complexity@10": 0.3069303564523962, "Calibration_complexity@100": 0.2392083954339279, "EILD@10": 0.7313213984969489, "EILD@100": 0.6446671439751044, "Fragmentation@10": 0.8438124393955045, "Fragmentation@100": 0.6174623733039495, "GiniCoeff@10": 0.838198320085661, "GiniCoeff@100": 0.6937745222391335, "ILD@10": 0.7633701010328778, "ILD@100": 0.8067729667154704, "NDCG_score@10": 0.06614811706623824, "NDCG_score@100": 0.15576196347273652, "Representation@10": 0.5954093541105077, "Representation@100": 0.4587440556976174, "Train (s)": 5349.451046943665, "Test (s)": 11600.051255464554}, "user_info": {"Activation@10": 17739, "Activation@100": 17739, "AltVoices_mainstream@10": 17739, "AltVoices_mainstream@100": 17739, "Calibration_category@10": 17670, "Calibration_category@100": 17670, "Calibration_complexity@10": 17633, "Calibration_complexity@100": 17634, "EILD@10": 17739, "EILD@100": 17739, "Fragmentation@10": 17739, "Fragmentation@100": 17739, "GiniCoeff@10": 17739, "GiniCoeff@100": 17739, "ILD@10": 17739, "ILD@100": 17739, "NDCG_score@10": 17739, "NDCG_score@100": 17739, "Representation@10": 16647, "Representation@100": 17739, "total_user_number": 19663}, "model_parameter": {"batch_size": 256, "dropout_p": 0.7, "embedding_size": 64, "lr": 0.05, "neg_weight": 0.1, "num_epochs": 160}, "Re-Rank": {"F1@10": 0.017916769723689253, "NCRR@10": 0.01970161754929927, "NDCG@10": 0.024271784017830908, "Precision@10": 0.015773155194768348, "Recall@10": 0.033672727716332056, "Activation@10": 0.29700100579362115, "AltVoices_mainstream@10": 0.11638400819127101, "Calibration_category@10": 0.5095728270107676, "Calibration_complexity@10": 0.32084199736529606, "EILD@10": 0.7218392530059478, "Fragmentation@10": 0.9942797605617603, "GiniCoeff@10": 0.8435234511527975, "ILD@10": 0.7533469881178269, "NDCG_score@10": 0.06509629667554807, "Representation@10": 0.6115125882739287, "Re-rank Time (s)": 3237.1062700748444, "rerank_parameter": {"rerank": 10, "k": 50, "lambda_constant": 0, "diversity_objective": "Fragmentation"}}}}