{"ENMF": {"metric_avg_results": {"MAE": 0.3949437238260709, "MSE": 0.33277707583760013, "RMSE": 0.5257159454769863, "AUC": 0.8224731067387252, "F1@10": 0.018493883743289103, "F1@100": 0.020156007183775294, "MAP": 0.02058602775710669, "MRR": 0.05757682683026008, "NCRR@10": 0.018943188622628657, "NCRR@100": 0.029400874960967445, "NDCG@10": 0.02448950806267471, "NDCG@100": 0.07646965388013445, "Precision@10": 0.01600428434522784, "Precision@100": 0.011129714189074446, "Recall@10": 0.03661371861865046, "Recall@100": 0.21093126273056112, "Activation@10": 0.29477223262144503, "Activation@100": 0.09233493188837763, "AltVoices_mainstream@10": 0.11391490470278509, "AltVoices_mainstream@100": 0.10064215373642721, "Calibration_category@10": 0.46733140138381957, "Calibration_category@100": 0.41253570262607026, "Calibration_complexity@10": 0.306200110769021, "Calibration_complexity@100": 0.23940675081256976, "EILD@10": 0.7342342304840007, "EILD@100": 0.6465717108740017, "Fragmentation@10": 0.8408271068883469, "Fragmentation@100": 0.6152121958273021, "GiniCoeff@10": 0.8365712554258683, "GiniCoeff@100": 0.6941843536839752, "ILD@10": 0.7650637954037164, "ILD@100": 0.8064770712935793, "NDCG_score@10": 0.06397287118534097, "NDCG_score@100": 0.15470162125851425, "Representation@10": 0.59600301925313, "Representation@100": 0.45782840149525295, "Train (s)": 3239.22318482399, "Test (s)": 9138.303307056427}, "user_info": {"Activation@10": 17739, "Activation@100": 17739, "AltVoices_mainstream@10": 17739, "AltVoices_mainstream@100": 17739, "Calibration_category@10": 17670, "Calibration_category@100": 17670, "Calibration_complexity@10": 17632, "Calibration_complexity@100": 17634, "EILD@10": 17739, "EILD@100": 17739, "Fragmentation@10": 17739, "Fragmentation@100": 17739, "GiniCoeff@10": 17739, "GiniCoeff@100": 17739, "ILD@10": 17739, "ILD@100": 17739, "NDCG_score@10": 17739, "NDCG_score@100": 17739, "Representation@10": 16637, "Representation@100": 17739, "total_user_number": 19663}, "model_parameter": {"batch_size": 256, "dropout_p": 0.7, "embedding_size": 64, "lr": 0.05, "neg_weight": 0.1, "num_epochs": 160}, "Re-Rank": {"F1@10": 0.012238132692160255, "NCRR@10": 0.013065936914980465, "NDCG@10": 0.015894459819265964, "Precision@10": 0.01122385703816414, "Recall@10": 0.02048006934708898, "Activation@10": 0.29842753425024254, "AltVoices_mainstream@10": 0.1177547520048503, "Calibration_category@10": 0.5446318681803137, "Calibration_complexity@10": 0.3559189356009909, "EILD@10": 0.7860981081444612, "Fragmentation@10": 0.852040050076229, "GiniCoeff@10": 0.8100703252719836, "ILD@10": 0.8076404156566359, "NDCG_score@10": 0.045903498790026004, "Representation@10": 0.6073101878014187, "Re-rank Time (s)": 2541.974351644516, "rerank_parameter": {"rerank": 10, "k": 50, "lambda_constant": 0, "diversity_objective": "Calibration_complexity"}}}}