{"ConvMF": {"metric_avg_results": {"MAE": 0.12182342852992212, "MSE": 0.05398664637378038, "RMSE": 0.18475782269899627, "AUC": 0.8114483436407364, "F1@10": 0.01732344317615562, "F1@100": 0.01525156636161214, "MAP": 0.01974655789092802, "MRR": 0.06237663222549742, "NCRR@10": 0.022871485821419235, "NCRR@100": 0.030454878008326743, "NDCG@10": 0.025760854931070883, "NDCG@100": 0.06367228445832263, "Precision@10": 0.015164327188679943, "Precision@100": 0.008414228535994238, "Recall@10": 0.03172409733789112, "Recall@100": 0.16052101820515005, "Activation@10": 0.3235911996605705, "Activation@100": 0.1089235149161127, "AltVoices_mainstream@10": 0.14912151022026976, "AltVoices_mainstream@100": 0.13859977383653033, "Calibration_category@10": 0.6518406152962569, "Calibration_category@100": 0.5383317787428397, "Calibration_complexity@10": 0.34086127595217636, "Calibration_complexity@100": 0.2660746652606448, "EILD@10": 0.8065954377197947, "EILD@100": 0.7262929080538404, "Fragmentation@10": 0.39091942099925486, "Fragmentation@100": 0.1813583178273855, "GiniCoeff@10": 0.8162368228196, "GiniCoeff@100": 0.6940784429787504, "ILD@10": 0.8416972020220084, "ILD@100": 0.827900425986004, "NDCG_score@10": 0.06919205698479032, "NDCG_score@100": 0.13804150126381304, "Representation@10": 0.4978094313094734, "Representation@100": 0.41767680811327434, "Train (s)": 7214.902592658997, "Test (s)": 6055.629799127579}, "user_info": {"Activation@10": 17739, "Activation@100": 17739, "AltVoices_mainstream@10": 17739, "AltVoices_mainstream@100": 17739, "Calibration_category@10": 17670, "Calibration_category@100": 17670, "Calibration_complexity@10": 17634, "Calibration_complexity@100": 17634, "EILD@10": 17739, "EILD@100": 17739, "Fragmentation@10": 17739, "Fragmentation@100": 17739, "GiniCoeff@10": 17739, "GiniCoeff@100": 17739, "ILD@10": 17739, "ILD@100": 17739, "NDCG_score@10": 17739, "NDCG_score@100": 17739, "Representation@10": 17656, "Representation@100": 17739, "total_user_number": 19663}, "model_parameter": {"cnn_epochs": 5, "k": 300, "lambda_u": 1000.0, "lambda_v": 0.01, "n_epochs": 50}, "Re-Rank": {"F1@10": 0.013210001786079595, "NCRR@10": 0.01629664604125056, "NDCG@10": 0.018858296600159682, "Precision@10": 0.01173685100625702, "Recall@10": 0.02397243082578155, "Activation@10": 0.29550294919695413, "AltVoices_mainstream@10": 0.07983634016533832, "Calibration_category@10": 0.6056898180436151, "Calibration_complexity@10": 0.3362608955199348, "EILD@10": 0.7887145992967594, "Fragmentation@10": 0.9942797605617603, "GiniCoeff@10": 0.788721883984426, "ILD@10": 0.8106795447569685, "NDCG_score@10": 0.05164765308969211, "Representation@10": 0.558255639662147, "Re-rank Time (s)": 2110.8360073566437, "rerank_parameter": {"rerank": 10, "k": 50, "lambda_constant": 0, "diversity_objective": "Fragmentation"}}}}