{"ENMF": {"metric_avg_results": {"MAE": 0.39481979110661053, "MSE": 0.33279010139084136, "RMSE": 0.5255158541678783, "AUC": 0.8224296932406998, "F1@10": 0.01854754526230757, "F1@100": 0.020158133529565317, "MAP": 0.020564142810056942, "MRR": 0.05839212232169298, "NCRR@10": 0.019316191693901332, "NCRR@100": 0.029606200851266057, "NDCG@10": 0.024750734963005512, "NDCG@100": 0.07657679420278386, "Precision@10": 0.016088843790517872, "Precision@100": 0.011131969107615504, "Recall@10": 0.03681517032388864, "Recall@100": 0.21166012311739232, "Activation@10": 0.2926028910295823, "Activation@100": 0.09131335829725394, "AltVoices_mainstream@10": 0.1142446011443412, "AltVoices_mainstream@100": 0.10100168306378005, "Calibration_category@10": 0.46648672618683384, "Calibration_category@100": 0.41207889069097203, "Calibration_complexity@10": 0.30593731357409976, "Calibration_complexity@100": 0.23880068368183788, "EILD@10": 0.734279879211075, "EILD@100": 0.6467991642032549, "Fragmentation@10": 0.8416811978049095, "Fragmentation@100": 0.6155145725444783, "GiniCoeff@10": 0.8364782400360462, "GiniCoeff@100": 0.6945874908393924, "ILD@10": 0.765379483999468, "ILD@100": 0.8067652908816557, "NDCG_score@10": 0.06495741176751868, "NDCG_score@100": 0.15490502842886725, "Representation@10": 0.5925491075064104, "Representation@100": 0.4585347845603237, "Train (s)": 3319.8634581565857, "Test (s)": 13867.23155760765}, "user_info": {"Activation@10": 17739, "Activation@100": 17739, "AltVoices_mainstream@10": 17739, "AltVoices_mainstream@100": 17739, "Calibration_category@10": 17670, "Calibration_category@100": 17670, "Calibration_complexity@10": 17634, "Calibration_complexity@100": 17634, "EILD@10": 17739, "EILD@100": 17739, "Fragmentation@10": 17739, "Fragmentation@100": 17739, "GiniCoeff@10": 17739, "GiniCoeff@100": 17739, "ILD@10": 17739, "ILD@100": 17739, "NDCG_score@10": 17739, "NDCG_score@100": 17739, "Representation@10": 16710, "Representation@100": 17739, "total_user_number": 19663}, "model_parameter": {"batch_size": 256, "dropout_p": 0.7, "embedding_size": 64, "lr": 0.05, "neg_weight": 0.1, "num_epochs": 160}, "Re-Rank": {"F1@10": 0.011956554899598903, "NCRR@10": 0.014215234052814338, "NDCG@10": 0.016404149099570244, "Precision@10": 0.010992727887704702, "Recall@10": 0.02027264028295462, "Activation@10": 0.29794733472040963, "AltVoices_mainstream@10": 0.11838538839251499, "Calibration_category@10": 0.5457131665812114, "Calibration_complexity@10": 0.35636202610601647, "EILD@10": 0.7884293066905322, "Fragmentation@10": 0.8529328896129931, "GiniCoeff@10": 0.8095805851513407, "ILD@10": 0.8093979993861462, "NDCG_score@10": 0.04764469823087745, "Representation@10": 0.611166479259948, "Re-rank Time (s)": 3027.409214735031, "rerank_parameter": {"rerank": 10, "k": 50, "lambda_constant": 0, "diversity_objective": "ILD"}}}}