{"ENMF": {"metric_avg_results": {"MAE": 0.39435488607525626, "MSE": 0.3325923400940454, "RMSE": 0.5253804031912049, "AUC": 0.8250807319628475, "F1@10": 0.019037678285055877, "F1@100": 0.02015301607246147, "MAP": 0.020799640040517015, "MRR": 0.058323395456668044, "NCRR@10": 0.01956010226158727, "NCRR@100": 0.02980276742893941, "NDCG@10": 0.025345390492094066, "NDCG@100": 0.07690676116510367, "Precision@10": 0.016511641016968163, "Precision@100": 0.01112351316308652, "Recall@10": 0.03793940653769775, "Recall@100": 0.21205774857575646, "Activation@10": 0.2938800099715736, "Activation@100": 0.09193908172199126, "AltVoices_mainstream@10": 0.11427701339020965, "AltVoices_mainstream@100": 0.10029308292039807, "Calibration_category@10": 0.4673911487057868, "Calibration_category@100": 0.4130340910313137, "Calibration_complexity@10": 0.3069492891371075, "Calibration_complexity@100": 0.2396703404102106, "EILD@10": 0.7364899351233837, "EILD@100": 0.6490036792824657, "Fragmentation@10": 0.8445659473329813, "Fragmentation@100": 0.6155625846044417, "GiniCoeff@10": 0.834788460454337, "GiniCoeff@100": 0.6926234567901253, "ILD@10": 0.7682720433946455, "ILD@100": 0.8081766421188095, "NDCG_score@10": 0.06584594351154564, "NDCG_score@100": 0.1555341271879394, "Representation@10": 0.5966974802990557, "Representation@100": 0.45877198481824294, "Train (s)": 4341.839354276657, "Test (s)": 10125.665060520172}, "user_info": {"Activation@10": 17739, "Activation@100": 17739, "AltVoices_mainstream@10": 17739, "AltVoices_mainstream@100": 17739, "Calibration_category@10": 17670, "Calibration_category@100": 17670, "Calibration_complexity@10": 17634, "Calibration_complexity@100": 17634, "EILD@10": 17739, "EILD@100": 17739, "Fragmentation@10": 17739, "Fragmentation@100": 17739, "GiniCoeff@10": 17739, "GiniCoeff@100": 17739, "ILD@10": 17739, "ILD@100": 17739, "NDCG_score@10": 17739, "NDCG_score@100": 17739, "Representation@10": 16603, "Representation@100": 17739, "total_user_number": 19663}, "model_parameter": {"batch_size": 256, "dropout_p": 0.7, "embedding_size": 64, "lr": 0.05, "neg_weight": 0.1, "num_epochs": 160}, "Re-Rank": {"F1@10": 0.01805902428190306, "NCRR@10": 0.01980687365857923, "NDCG@10": 0.02450979938419259, "Precision@10": 0.015852077343705744, "Recall@10": 0.034090526668167836, "Activation@10": 0.296212026736738, "AltVoices_mainstream@10": 0.12173832283464525, "Calibration_category@10": 0.6322577186925464, "Calibration_complexity@10": 0.33633577110796503, "EILD@10": 0.20334101392172282, "Fragmentation@10": 0.8656890428812707, "GiniCoeff@10": 0.9768194373978338, "ILD@10": 0.23175175852327062, "NDCG_score@10": 0.0652316317088038, "Representation@10": 0.6147595802939788, "Re-rank Time (s)": 1966.8768985271454, "rerank_parameter": {"rerank": 10, "k": 50, "lambda_constant": 0, "diversity_objective": "GiniCoeff"}}}}