{"ENMF": {"metric_avg_results": {"MAE": 0.39444792731422323, "MSE": 0.3326726781430739, "RMSE": 0.5255002024754232, "AUC": 0.8235048326162494, "F1@10": 0.018626001735894147, "F1@100": 0.020107462172624994, "MAP": 0.020563055343848086, "MRR": 0.05818603535072321, "NCRR@10": 0.019243721770206255, "NCRR@100": 0.029557753142992145, "NDCG@10": 0.024594963060359746, "NDCG@100": 0.07641663996214056, "Precision@10": 0.016257962681097998, "Precision@100": 0.011099272788770051, "Recall@10": 0.035894547497067664, "Recall@100": 0.21067800168037049, "Activation@10": 0.29623397690828385, "Activation@100": 0.09123984730109454, "AltVoices_mainstream@10": 0.11482890278649993, "AltVoices_mainstream@100": 0.10106836795782669, "Calibration_category@10": 0.46634475419846494, "Calibration_category@100": 0.41282780969001653, "Calibration_complexity@10": 0.3050092659221016, "Calibration_complexity@100": 0.23965148457729896, "EILD@10": 0.7309221928756793, "EILD@100": 0.6444224199911344, "Fragmentation@10": 0.845144466628608, "Fragmentation@100": 0.61671198370276, "GiniCoeff@10": 0.8374746321663886, "GiniCoeff@100": 0.693229536614241, "ILD@10": 0.761879349330718, "ILD@100": 0.8069972058370466, "NDCG_score@10": 0.06511826203513787, "NDCG_score@100": 0.15524941569064765, "Representation@10": 0.5899515805716606, "Representation@100": 0.45909536947511764, "Train (s)": 4030.6345579624176, "Test (s)": 22727.535674095154}, "user_info": {"Activation@10": 17739, "Activation@100": 17739, "AltVoices_mainstream@10": 17739, "AltVoices_mainstream@100": 17739, "Calibration_category@10": 17670, "Calibration_category@100": 17670, "Calibration_complexity@10": 17634, "Calibration_complexity@100": 17634, "EILD@10": 17739, "EILD@100": 17739, "Fragmentation@10": 17739, "Fragmentation@100": 17739, "GiniCoeff@10": 17739, "GiniCoeff@100": 17739, "ILD@10": 17739, "ILD@100": 17739, "NDCG_score@10": 17739, "NDCG_score@100": 17739, "Representation@10": 16642, "Representation@100": 17739, "total_user_number": 19663}, "model_parameter": {"batch_size": 256, "dropout_p": 0.7, "embedding_size": 64, "lr": 0.05, "neg_weight": 0.1, "num_epochs": 160}, "Re-Rank": {"F1@10": 0.011735174012443322, "NCRR@10": 0.013200014006165954, "NDCG@10": 0.015633925150915842, "Precision@10": 0.010761598737245281, "Recall@10": 0.019912654197727343, "Activation@10": 0.29766195307276494, "AltVoices_mainstream@10": 0.11900582202013703, "Calibration_category@10": 0.5467543082788604, "Calibration_complexity@10": 0.3574047129564867, "EILD@10": 0.7876897733231566, "Fragmentation@10": 0.8531595178885322, "GiniCoeff@10": 0.8093149275607199, "ILD@10": 0.8082079034894755, "NDCG_score@10": 0.04571422809470234, "Representation@10": 0.60964001894399, "Re-rank Time (s)": 5084.03631401062, "rerank_parameter": {"rerank": 10, "k": 50, "lambda_constant": 0, "diversity_objective": "GiniCoeff"}}}}