{"ENMF": {"metric_avg_results": {"MAE": 0.3944492250324027, "MSE": 0.3327810122005175, "RMSE": 0.525538712870106, "AUC": 0.8248080982419925, "F1@10": 0.018335267062621206, "F1@100": 0.020156656493456222, "MAP": 0.020533746400002214, "MRR": 0.058425311024548746, "NCRR@10": 0.01906499388195467, "NCRR@100": 0.029601851515586336, "NDCG@10": 0.024199426935334153, "NDCG@100": 0.0766727598493133, "Precision@10": 0.01600428434522782, "Precision@100": 0.011128586729803932, "Recall@10": 0.03514083087328993, "Recall@100": 0.21195776865226568, "Activation@10": 0.2932633419363179, "Activation@100": 0.09187342424656166, "AltVoices_mainstream@10": 0.11538459615550123, "AltVoices_mainstream@100": 0.10023448777427961, "Calibration_category@10": 0.46734325690714945, "Calibration_category@100": 0.41261488772164634, "Calibration_complexity@10": 0.30614014815904095, "Calibration_complexity@100": 0.23920856444696548, "EILD@10": 0.7368792610522793, "EILD@100": 0.6482706180652411, "Fragmentation@10": 0.8413039726528193, "Fragmentation@100": 0.6151901189728636, "GiniCoeff@10": 0.8339647105248065, "GiniCoeff@100": 0.692404518293026, "ILD@10": 0.7679450802061901, "ILD@100": 0.8072719756332208, "NDCG_score@10": 0.06463133755488414, "NDCG_score@100": 0.1552361947875336, "Representation@10": 0.5925928547239991, "Representation@100": 0.4590193194737259, "Train (s)": 4230.823986291885, "Test (s)": 20786.26736140251}, "user_info": {"Activation@10": 17739, "Activation@100": 17739, "AltVoices_mainstream@10": 17739, "AltVoices_mainstream@100": 17739, "Calibration_category@10": 17670, "Calibration_category@100": 17670, "Calibration_complexity@10": 17634, "Calibration_complexity@100": 17634, "EILD@10": 17739, "EILD@100": 17739, "Fragmentation@10": 17739, "Fragmentation@100": 17739, "GiniCoeff@10": 17739, "GiniCoeff@100": 17739, "ILD@10": 17739, "ILD@100": 17739, "NDCG_score@10": 17739, "NDCG_score@100": 17739, "Representation@10": 16635, "Representation@100": 17739, "total_user_number": 19663}, "model_parameter": {"batch_size": 256, "dropout_p": 0.7, "embedding_size": 64, "lr": 0.05, "neg_weight": 0.1, "num_epochs": 160}, "Re-Rank": {"F1@10": 0.012138599301660934, "NCRR@10": 0.013661222326538465, "NDCG@10": 0.016102640694832193, "Precision@10": 0.011252043519927493, "Recall@10": 0.02016042794086959, "Activation@10": 0.2980409549565076, "AltVoices_mainstream@10": 0.1178133321646647, "Calibration_category@10": 0.5466874529924757, "Calibration_complexity@10": 0.3570577303675769, "EILD@10": 0.7876409565280443, "Fragmentation@10": 0.850978854309266, "GiniCoeff@10": 0.8087230114436867, "ILD@10": 0.8086851945806651, "NDCG_score@10": 0.04742669092727816, "Representation@10": 0.6094254163928132, "Re-rank Time (s)": 7462.002967119217, "rerank_parameter": {"rerank": 10, "k": 50, "lambda_constant": 0, "diversity_objective": "Calibration_complexity"}}}}