{"ENMF": {"metric_avg_results": {"MAE": 0.40851722121167855, "MSE": 0.3951050333737255, "RMSE": 0.5662955072054223, "AUC": 0.7925971812590997, "F1@10": 0.013134697116138808, "F1@100": 0.018168063259893244, "MAP": 0.016647699567663612, "MRR": 0.03786336553848521, "NCRR@10": 0.010805443649118727, "NCRR@100": 0.021213928695113685, "NDCG@10": 0.01605491630656364, "NDCG@100": 0.06508687267513505, "Precision@10": 0.010507920401375166, "Precision@100": 0.010051863126444242, "Recall@10": 0.026992217145658734, "Recall@100": 0.1868933747136094, "Activation@10": 0.29153090685257366, "Activation@100": 0.08325521160337614, "AltVoices_mainstream@10": 0.12034700681384765, "AltVoices_mainstream@100": 0.09396656643352463, "Calibration_category@10": 0.5090847292547712, "Calibration_category@100": 0.4482143240365455, "Calibration_complexity@10": 0.32769961323066005, "Calibration_complexity@100": 0.24826086597626243, "EILD@10": 0.7536975137233424, "EILD@100": 0.6604986860795572, "Fragmentation@10": 0.8268621480993958, "Fragmentation@100": 0.5690034137495367, "GiniCoeff@10": 0.8310361350695998, "GiniCoeff@100": 0.6960366283330537, "ILD@10": 0.7748614164646492, "ILD@100": 0.8083087484575804, "NDCG_score@10": 0.03830634562427649, "NDCG_score@100": 0.13563421721204513, "Representation@10": 0.5891893571061038, "Representation@100": 0.46232533870691933, "Train (s)": 3388.7487182617188, "Test (s)": 18772.399057388306}, "user_info": {"Activation@10": 17739, "Activation@100": 17739, "AltVoices_mainstream@10": 17739, "AltVoices_mainstream@100": 17739, "Calibration_category@10": 17670, "Calibration_category@100": 17670, "Calibration_complexity@10": 17634, "Calibration_complexity@100": 17634, "EILD@10": 17739, "EILD@100": 17739, "Fragmentation@10": 17739, "Fragmentation@100": 17739, "GiniCoeff@10": 17739, "GiniCoeff@100": 17739, "ILD@10": 17739, "ILD@100": 17739, "NDCG_score@10": 17739, "NDCG_score@100": 17739, "Representation@10": 16456, "Representation@100": 17739, "total_user_number": 19663}, "model_parameter": {"batch_size": 256, "dropout_p": 0.7, "embedding_size": 64, "lr": 0.05, "neg_weight": 0.8, "num_epochs": 160}, "Re-Rank": {"F1@10": 0.010727895419104775, "NCRR@10": 0.01188390133611735, "NDCG@10": 0.014029950049008876, "Precision@10": 0.010073848582219668, "Recall@10": 0.01739087557245773, "Activation@10": 0.29695417746109193, "AltVoices_mainstream@10": 0.10767929484476416, "Calibration_category@10": 0.5692224890746528, "Calibration_complexity@10": 0.3592300483325213, "EILD@10": 0.7885759756935954, "Fragmentation@10": 0.8361330650171473, "GiniCoeff@10": 0.8132539883871428, "ILD@10": 0.8081377504681926, "NDCG_score@10": 0.04230612830936177, "Representation@10": 0.6216507020719664, "Re-rank Time (s)": 4583.676359653473, "rerank_parameter": {"rerank": 10, "k": 50, "lambda_constant": 0, "diversity_objective": "ILD"}}}}