{"ENMF": {"metric_avg_results": {"MAE": 0.393999590784632, "MSE": 0.3323929764596903, "RMSE": 0.5251451706715894, "AUC": 0.8231863675011781, "F1@10": 0.019034527162682998, "F1@100": 0.020144291339511494, "MAP": 0.020735061442046336, "MRR": 0.05914806982025202, "NCRR@10": 0.01970515242757494, "NCRR@100": 0.029975048345357486, "NDCG@10": 0.025275813532920573, "NDCG@100": 0.07668116178840419, "Precision@10": 0.016680759907548283, "Precision@100": 0.01112464062235706, "Recall@10": 0.03727517433961281, "Recall@100": 0.20993159649864057, "Activation@10": 0.2944878109643206, "Activation@100": 0.09096212536379324, "AltVoices_mainstream@10": 0.11356942847742722, "AltVoices_mainstream@100": 0.10070046082035773, "Calibration_category@10": 0.46456759083678634, "Calibration_category@100": 0.4119763700977778, "Calibration_complexity@10": 0.30653731952652186, "Calibration_complexity@100": 0.23926703137848856, "EILD@10": 0.7298535226392214, "EILD@100": 0.6456561123500241, "Fragmentation@10": 0.8421788830885336, "Fragmentation@100": 0.616051556911939, "GiniCoeff@10": 0.8375274818196932, "GiniCoeff@100": 0.6933575032414443, "ILD@10": 0.7620760283368063, "ILD@100": 0.8071247112309194, "NDCG_score@10": 0.06676893617510349, "NDCG_score@100": 0.15557034830016597, "Representation@10": 0.5940201602270805, "Representation@100": 0.4593726406410195, "Train (s)": 3800.9237565994263, "Test (s)": 15924.010267972946}, "user_info": {"Activation@10": 17739, "Activation@100": 17739, "AltVoices_mainstream@10": 17739, "AltVoices_mainstream@100": 17739, "Calibration_category@10": 17670, "Calibration_category@100": 17670, "Calibration_complexity@10": 17634, "Calibration_complexity@100": 17634, "EILD@10": 17739, "EILD@100": 17739, "Fragmentation@10": 17739, "Fragmentation@100": 17739, "GiniCoeff@10": 17739, "GiniCoeff@100": 17739, "ILD@10": 17739, "ILD@100": 17739, "NDCG_score@10": 17739, "NDCG_score@100": 17739, "Representation@10": 16671, "Representation@100": 17739, "total_user_number": 19663}, "model_parameter": {"batch_size": 256, "dropout_p": 0.7, "embedding_size": 64, "lr": 0.05, "neg_weight": 0.1, "num_epochs": 160}, "Re-Rank": {"F1@10": 0.011592084699323973, "NCRR@10": 0.013041531570783998, "NDCG@10": 0.01541561131235509, "Precision@10": 0.010772873329950626, "Recall@10": 0.019327023226514813, "Activation@10": 0.29795032918917497, "AltVoices_mainstream@10": 0.11692362400120576, "Calibration_category@10": 0.5449279530820548, "Calibration_complexity@10": 0.35566949006158843, "EILD@10": 0.7867422127393148, "Fragmentation@10": 0.8517989108777847, "GiniCoeff@10": 0.8098018490331824, "ILD@10": 0.8075777790304923, "NDCG_score@10": 0.04566085706753375, "Representation@10": 0.6116945180420548, "Re-rank Time (s)": 104353.64188051224, "rerank_parameter": {"rerank": 10, "k": 50, "lambda_constant": 0, "diversity_objective": "Representation"}}}}