{"ENMF": {"metric_avg_results": {"MAE": 0.3942907862339132, "MSE": 0.3324572251245369, "RMSE": 0.5252682499124074, "AUC": 0.824416518562174, "F1@10": 0.018555564108355724, "F1@100": 0.02018480145361748, "MAP": 0.020507383104480633, "MRR": 0.057747076996071595, "NCRR@10": 0.01900088152160552, "NCRR@100": 0.029376836787463376, "NDCG@10": 0.024535079836183173, "NDCG@100": 0.07644548485840225, "Precision@10": 0.016218501606629302, "Precision@100": 0.011143807429956146, "Recall@10": 0.036452039805503225, "Recall@100": 0.211123123425219, "Activation@10": 0.2928565434676148, "Activation@100": 0.09115045558344728, "AltVoices_mainstream@10": 0.11566246611982503, "AltVoices_mainstream@100": 0.10020525295253223, "Calibration_category@10": 0.46640730013188114, "Calibration_category@100": 0.4116884567566943, "Calibration_complexity@10": 0.30632010917069735, "Calibration_complexity@100": 0.23911347471213013, "EILD@10": 0.7329953014088607, "EILD@100": 0.6455337423030537, "Fragmentation@10": 0.8420705225050084, "Fragmentation@100": 0.6148780968672767, "GiniCoeff@10": 0.8373858447488318, "GiniCoeff@100": 0.694403714978292, "ILD@10": 0.7639275670055276, "ILD@100": 0.8067586741762355, "NDCG_score@10": 0.06485246146486204, "NDCG_score@100": 0.15487502277636697, "Representation@10": 0.5892089146389206, "Representation@100": 0.45763056965268495, "Train (s)": 5234.179183959961, "Test (s)": 22013.880349636078}, "user_info": {"Activation@10": 17739, "Activation@100": 17739, "AltVoices_mainstream@10": 17739, "AltVoices_mainstream@100": 17739, "Calibration_category@10": 17670, "Calibration_category@100": 17670, "Calibration_complexity@10": 17633, "Calibration_complexity@100": 17634, "EILD@10": 17739, "EILD@100": 17739, "Fragmentation@10": 17739, "Fragmentation@100": 17739, "GiniCoeff@10": 17739, "GiniCoeff@100": 17739, "ILD@10": 17739, "ILD@100": 17739, "NDCG_score@10": 17739, "NDCG_score@100": 17739, "Representation@10": 16692, "Representation@100": 17739, "total_user_number": 19663}, "model_parameter": {"batch_size": 256, "dropout_p": 0.7, "embedding_size": 64, "lr": 0.05, "neg_weight": 0.1, "num_epochs": 160}, "Re-Rank": {"F1@10": 0.012093475344429453, "NCRR@10": 0.013761402190848466, "NDCG@10": 0.0160707852662592, "Precision@10": 0.01107165003664207, "Recall@10": 0.0201929473064351, "Activation@10": 0.2978376427824266, "AltVoices_mainstream@10": 0.11616224862609752, "Calibration_category@10": 0.5454260597210239, "Calibration_complexity@10": 0.35570378654762413, "EILD@10": 0.7873166724303173, "Fragmentation@10": 0.8517366986011713, "GiniCoeff@10": 0.8095333727943883, "ILD@10": 0.808820489693129, "NDCG_score@10": 0.04781569935203087, "Representation@10": 0.6097384395694007, "Re-rank Time (s)": 3577.1326825618744, "rerank_parameter": {"rerank": 10, "k": 50, "lambda_constant": 0, "diversity_objective": "NDCG_score"}}}}