{"ENMF": {"metric_avg_results": {"MAE": 0.3941672865604298, "MSE": 0.3325879565300855, "RMSE": 0.5253053218641931, "AUC": 0.8234710948399764, "F1@10": 0.018939249574117453, "F1@100": 0.02017383796251623, "MAP": 0.020874710279300313, "MRR": 0.0581482580264735, "NCRR@10": 0.019536338793565238, "NCRR@100": 0.02978595636703474, "NDCG@10": 0.025266675963153122, "NDCG@100": 0.0770596935969839, "Precision@10": 0.016494729127910154, "Precision@100": 0.011135915215062351, "Recall@10": 0.03755917391497215, "Recall@100": 0.21304824009473317, "Activation@10": 0.2945612599939668, "Activation@100": 0.0908093999761809, "AltVoices_mainstream@10": 0.11339028746229048, "AltVoices_mainstream@100": 0.09995978776478746, "Calibration_category@10": 0.46627091856376923, "Calibration_category@100": 0.4124365481482859, "Calibration_complexity@10": 0.30730078462651406, "Calibration_complexity@100": 0.23927355402040743, "EILD@10": 0.7324106822742068, "EILD@100": 0.6456098378084342, "Fragmentation@10": 0.8413463077941713, "Fragmentation@100": 0.6141588674841372, "GiniCoeff@10": 0.8371540109363224, "GiniCoeff@100": 0.6927917300862529, "ILD@10": 0.764371034318603, "ILD@100": 0.8074232487795878, "NDCG_score@10": 0.06563664754977375, "NDCG_score@100": 0.15533071764304854, "Representation@10": 0.5928450907865992, "Representation@100": 0.4581686973179086, "Train (s)": 4068.010221004486, "Test (s)": 9165.62359571457}, "user_info": {"Activation@10": 17739, "Activation@100": 17739, "AltVoices_mainstream@10": 17739, "AltVoices_mainstream@100": 17739, "Calibration_category@10": 17670, "Calibration_category@100": 17670, "Calibration_complexity@10": 17633, "Calibration_complexity@100": 17634, "EILD@10": 17739, "EILD@100": 17739, "Fragmentation@10": 17739, "Fragmentation@100": 17739, "GiniCoeff@10": 17739, "GiniCoeff@100": 17739, "ILD@10": 17739, "ILD@100": 17739, "NDCG_score@10": 17739, "NDCG_score@100": 17739, "Representation@10": 16673, "Representation@100": 17739, "total_user_number": 19663}, "model_parameter": {"batch_size": 256, "dropout_p": 0.7, "embedding_size": 64, "lr": 0.05, "neg_weight": 0.1, "num_epochs": 160}, "Re-Rank": {"F1@10": 0.0177775690406396, "NCRR@10": 0.018002937916552858, "NDCG@10": 0.02314511193830697, "Precision@10": 0.015761880602063, "Recall@10": 0.03378823103946023, "Activation@10": 0.29427217739159556, "AltVoices_mainstream@10": 0.11316270000816128, "Calibration_category@10": 0.465498939172886, "Calibration_complexity@10": 0.3071635102607175, "EILD@10": 0.745050536964785, "Fragmentation@10": 0.8441507607660018, "GiniCoeff@10": 0.8310121765601004, "ILD@10": 0.7736738260330279, "NDCG_score@10": 0.062387491442794804, "Representation@10": 0.5947314072428705, "Re-rank Time (s)": 2740.9348933696747, "rerank_parameter": {"rerank": 10, "k": 50, "lambda_constant": 0.8, "diversity_objective": "Calibration_category"}}}}